Godot Engine v4.5.1.stable.official.f62fdbde1 - https://godotengine.org

ERROR: Cannot open file 'res://.godot/imported/Font.fnt-6c6685c58d22178166a8720d2c719ea3.fontdata'.
   at: load (core/io/resource_format_binary.cpp:1220)
ERROR: Failed loading resource: res://.godot/imported/Font.fnt-6c6685c58d22178166a8720d2c719ea3.fontdata.
   at: _load (core/io/resource_loader.cpp:343)
ERROR: Failed loading resource: res://Assets/Sprites/UI/Font.fnt.
   at: _load (core/io/resource_loader.cpp:343)
ERROR: res://Resources/ThemedResources/FontMain.tres:6 - Parse Error: [ext_resource] referenced non-existent resource at: res://Assets/Sprites/UI/Font.fnt.
   at: _printerr (scene/resources/resource_format_text.cpp:40)
ERROR: res://Resources/ThemedResources/FontMain.tres:6 - Parse Error: [ext_resource] referenced non-existent resource at: res://Assets/Sprites/UI/Font.fnt.
   at: _printerr (scene/resources/resource_format_text.cpp:40)
ERROR: Failed loading resource: res://Resources/ThemedResources/FontMain.tres.
   at: _load (core/io/resource_loader.cpp:343)
ERROR: Unable to open file: res://.godot/imported/Checkbox.png-8f5ea6d857f0fb379883b96db1180954.ctex.
   at: _load_data (scene/resources/compressed_texture.cpp:41)
ERROR: Failed loading resource: res://.godot/imported/Checkbox.png-8f5ea6d857f0fb379883b96db1180954.ctex.
   at: _load (core/io/resource_loader.cpp:343)
ERROR: Failed loading resource: res://Assets/Sprites/UI/Checkbox.png.
   at: _load (core/io/resource_loader.cpp:343)
ERROR: Unable to open file: res://.godot/imported/Arrow.png-de28d5550e5e6cfcfbb9ada3df190079.ctex.
   at: _load_data (scene/resources/compressed_texture.cpp:41)
ERROR: Failed loading resource: res://.godot/imported/Arrow.png-de28d5550e5e6cfcfbb9ada3df190079.ctex.
   at: _load (core/io/resource_loader.cpp:343)
ERROR: Failed loading resource: res://Assets/Sprites/UI/Arrow.png.
   at: _load (core/io/resource_loader.cpp:343)
ERROR: Unable to open file: res://.godot/imported/PanelHover.png-41824b38e004dba7008ad1f1352f9881.ctex.
   at: _load_data (scene/resources/compressed_texture.cpp:41)
ERROR: Failed loading resource: res://.godot/imported/PanelHover.png-41824b38e004dba7008ad1f1352f9881.ctex.
   at: _load (core/io/resource_loader.cpp:343)
ERROR: Failed loading resource: res://Assets/Sprites/UI/PanelHover.png.
   at: _load (core/io/resource_loader.cpp:343)
ERROR: Unable to open file: res://.godot/imported/Panel.png-692b11e0e76caf5dbe6e7236230aa087.ctex.
   at: _load_data (scene/resources/compressed_texture.cpp:41)
ERROR: Failed loading resource: res://.godot/imported/Panel.png-692b11e0e76caf5dbe6e7236230aa087.ctex.
   at: _load (core/io/resource_loader.cpp:343)
ERROR: Failed loading resource: res://Assets/Sprites/UI/Panel.png.
   at: _load (core/io/resource_loader.cpp:343)
ERROR: Unable to open file: res://.godot/imported/EditorOptionButtonIcon.png-60a0012a7cc94fa8f33f87d0ecec1ae8.ctex.
   at: _load_data (scene/resources/compressed_texture.cpp:41)
ERROR: Failed loading resource: res://.godot/imported/EditorOptionButtonIcon.png-60a0012a7cc94fa8f33f87d0ecec1ae8.ctex.
   at: _load (core/io/resource_loader.cpp:343)
ERROR: Failed loading resource: res://Assets/Sprites/UI/EditorOptionButtonIcon.png.
   at: _load (core/io/resource_loader.cpp:343)
ERROR: Unable to open file: res://.godot/imported/PanelSelected.png-3eb76bbbc15ef4c8f3873da92694a834.ctex.
   at: _load_data (scene/resources/compressed_texture.cpp:41)
ERROR: Failed loading resource: res://.godot/imported/PanelSelected.png-3eb76bbbc15ef4c8f3873da92694a834.ctex.
   at: _load (core/io/resource_loader.cpp:343)
ERROR: Failed loading resource: res://Assets/Sprites/UI/PanelSelected.png.
   at: _load (core/io/resource_loader.cpp:343)
ERROR: Unable to open file: res://.godot/imported/ScrollBar.png-a47552ba5a511c2476d4600c61549995.ctex.
   at: _load_data (scene/resources/compressed_texture.cpp:41)
ERROR: Failed loading resource: res://.godot/imported/ScrollBar.png-a47552ba5a511c2476d4600c61549995.ctex.
   at: _load (core/io/resource_loader.cpp:343)
ERROR: Failed loading resource: res://Assets/Sprites/UI/ScrollBar.png.
   at: _load (core/io/resource_loader.cpp:343)
ERROR: Unable to open file: res://.godot/imported/Cursor.png-ce44ae409706376e4be16ed20bbf409f.ctex.
   at: _load_data (scene/resources/compressed_texture.cpp:41)
ERROR: Failed loading resource: res://.godot/imported/Cursor.png-ce44ae409706376e4be16ed20bbf409f.ctex.
   at: _load (core/io/resource_loader.cpp:343)
ERROR: Failed loading resource: res://Assets/Sprites/UI/Cursor.png.
   at: _load (core/io/resource_loader.cpp:343)
ERROR: res://Resources/UI/Cursor.tres:6 - Parse Error: [ext_resource] referenced non-existent resource at: res://Assets/Sprites/UI/Cursor.png.
   at: _printerr (scene/resources/resource_format_text.cpp:40)
ERROR: res://Resources/UI/Cursor.tres:6 - Parse Error: [ext_resource] referenced non-existent resource at: res://Assets/Sprites/UI/Cursor.png.
   at: _printerr (scene/resources/resource_format_text.cpp:40)
ERROR: Failed loading resource: res://Resources/UI/Cursor.tres.
   at: _load (core/io/resource_loader.cpp:343)
ERROR: Unable to open file: res://.godot/imported/SpinBoxArrows.png-14f57712b0160279a98a84383eb07c45.ctex.
   at: _load_data (scene/resources/compressed_texture.cpp:41)
ERROR: Failed loading resource: res://.godot/imported/SpinBoxArrows.png-14f57712b0160279a98a84383eb07c45.ctex.
   at: _load (core/io/resource_loader.cpp:343)
ERROR: Failed loading resource: res://Assets/Sprites/UI/SpinBoxArrows.png.
   at: _load (core/io/resource_loader.cpp:343)
ERROR: res://Resources/Theme.tres:15 - Parse Error: [ext_resource] referenced non-existent resource at: res://Assets/Sprites/UI/Panel.png.
   at: _printerr (scene/resources/resource_format_text.cpp:40)
ERROR: res://Resources/Theme.tres:15 - Parse Error: [ext_resource] referenced non-existent resource at: res://Assets/Sprites/UI/Panel.png.
   at: _printerr (scene/resources/resource_format_text.cpp:40)
ERROR: Failed loading resource: res://Resources/Theme.tres.
   at: _load (core/io/resource_loader.cpp:343)
ERROR: Error loading custom project theme 'uid://dtn507x2b5de7'
   at: initialize_theme (scene/theme/theme_db.cpp:69)
ERROR: Cannot open file 'res://.godot/imported/Font.fnt-6c6685c58d22178166a8720d2c719ea3.fontdata'.
   at: load (core/io/resource_format_binary.cpp:1220)
ERROR: Failed loading resource: res://.godot/imported/Font.fnt-6c6685c58d22178166a8720d2c719ea3.fontdata.
   at: _load (core/io/resource_loader.cpp:343)
ERROR: Failed loading resource: res://Assets/Sprites/UI/Font.fnt.
   at: _load (core/io/resource_loader.cpp:343)
ERROR: res://Resources/ThemedResources/FontMain.tres:6 - Parse Error: [ext_resource] referenced non-existent resource at: res://Assets/Sprites/UI/Font.fnt.
   at: _printerr (scene/resources/resource_format_text.cpp:40)
ERROR: res://Resources/ThemedResources/FontMain.tres:6 - Parse Error: [ext_resource] referenced non-existent resource at: res://Assets/Sprites/UI/Font.fnt.
   at: _printerr (scene/resources/resource_format_text.cpp:40)
ERROR: Failed loading resource: res://Resources/ThemedResources/FontMain.tres.
   at: _load (core/io/resource_loader.cpp:343)
ERROR: Error loading custom project font 'uid://bl7sbw4nx3l1t'
   at: initialize_theme (scene/theme/theme_db.cpp:79)
[   0% ] [90m[1mfirst_scan_filesystem[22m | Started Project initialization (5 steps)[39m[0m
[  16% ] [90m[1mfirst_scan_filesystem[22m | Loading global class names...[39m[0m
[  33% ] [90m[1mfirst_scan_filesystem[22m | Verifying GDExtensions...[39m[0m
[  50% ] [90m[1mfirst_scan_filesystem[22m | Creating autoload scripts...[39m[0m
WARNING: res://Scenes/Prefabs/Global.tscn:7 - ext_resource, invalid UID: uid://26yissv8bnqw - using text path instead: res://Scripts/UI/WindowChanger.gd
     at: load (scene/resources/resource_format_text.cpp:444)
WARNING: res://Scenes/Prefabs/Autoload/Settings.tscn:4 - ext_resource, invalid UID: uid://26yissv8bnqw - using text path instead: res://Scripts/UI/WindowChanger.gd
     at: load (scene/resources/resource_format_text.cpp:444)
[  66% ] [90m[1mfirst_scan_filesystem[22m | Initializing plugins...[39m[0m
[  83% ] [90m[1mfirst_scan_filesystem[22m | Starting file scan...[39m[0m
[92m[ DONE ][39m [1mfirst_scan_filesystem[22m
[0m
WARNING: Canceling suspended execution of "_enter_tree" due to a script reload.
     at: cancel_pending_functions (modules/gdscript/gdscript.cpp:1643)
ERROR: Unrecognized UID: "uid://da4vqkrpqnma0".
   at: get_id_path (core/io/resource_uid.cpp:199)
SCRIPT ERROR: Parse Error: Preload file "uid://da4vqkrpqnma0" does not exist.
          at: GDScript::reload (res://Scripts/Classes/Singletons/AudioManager.gd:100)
ERROR: Unrecognized UID: "uid://chtjq1vr0rpso".
   at: get_id_path (core/io/resource_uid.cpp:199)
ERROR: Unrecognized UID: "uid://cn8bcncfmdikq".
   at: get_id_path (core/io/resource_uid.cpp:199)
SCRIPT ERROR: Parse Error: Preload file "uid://chtjq1vr0rpso" does not exist.
          at: GDScript::reload (res://Scripts/UI/CustomLevelContainer.gd:27)
SCRIPT ERROR: Parse Error: Preload file "uid://cn8bcncfmdikq" does not exist.
          at: GDScript::reload (res://Scripts/UI/CustomLevelContainer.gd:28)
ERROR: Unrecognized UID: "uid://chtjq1vr0rpso".
   at: get_id_path (core/io/resource_uid.cpp:199)
ERROR: Unrecognized UID: "uid://cn8bcncfmdikq".
   at: get_id_path (core/io/resource_uid.cpp:199)
SCRIPT ERROR: Parse Error: Could not resolve external class member "ICON_TEXTURES".
          at: GDScript::reload (res://Scripts/UI/WorldSelect.gd:77)
ERROR: Unrecognized UID: "uid://lggi3b4310yl".
   at: get_id_path (core/io/resource_uid.cpp:199)
SCRIPT ERROR: Parse Error: Preload file "uid://lggi3b4310yl" does not exist.
          at: GDScript::reload (res://Scripts/Parts/ResourcePackLoader.gd:2)
ERROR: Unrecognized UID: "uid://c5ea03ob6ncq7".
   at: get_id_path (core/io/resource_uid.cpp:199)
SCRIPT ERROR: Parse Error: Preload file "uid://c5ea03ob6ncq7" does not exist.
          at: GDScript::reload (res://Scripts/UI/ResourcePackConfigMenu.gd:4)
ERROR: Unrecognized UID: "uid://bom2rstlk8fws".
   at: get_id_path (core/io/resource_uid.cpp:199)
SCRIPT ERROR: Parse Error: Preload file "uid://bom2rstlk8fws" does not exist.
          at: GDScript::reload (res://Scripts/UI/ResourcePackContainer.gd:3)
ERROR: Unrecognized UID: "uid://4gxhnql5bjk6".
   at: get_id_path (core/io/resource_uid.cpp:199)
SCRIPT ERROR: Parse Error: Preload file "uid://4gxhnql5bjk6" does not exist.
          at: GDScript::reload (res://Scripts/Classes/Entities/Objects/Track.gd:3)
SCRIPT ERROR: Invalid access to property or key 'ml_options' on a base object of type 'Node (mod_loader_store.gd)'.
          at: ModManifest.validate (res://addons/mod_loader/resources/mod_manifest.gd:116)
          GDScript backtrace (most recent call first):
              [0] validate (res://addons/mod_loader/resources/mod_manifest.gd:116)
              [1] _init (res://addons/mod_loader/resources/mod_manifest.gd:76)
              [2] _ready (res://addons/mod_tool/interface/panel/tools_panel.gd:47)
[   0% ] [90m[1mupdate_scripts_classes[22m | Started Registering global classes... (367 steps)[39m[0m
[   0% ] [90m[1mupdate_scripts_classes[22m | [39m[0m
[   0% ] [90m[1mupdate_scripts_classes[22m | [39m[0m
[   0% ] [90m[1mupdate_scripts_classes[22m | [39m[0m
[   0% ] [90m[1mupdate_scripts_classes[22m | [39m[0m
[   1% ] [90m[1mupdate_scripts_classes[22m | [39m[0m
[   1% ] [90m[1mupdate_scripts_classes[22m | [39m[0m
[   1% ] [90m[1mupdate_scripts_classes[22m | [39m[0m
[   1% ] [90m[1mupdate_scripts_classes[22m | [39m[0m
[   2% ] [90m[1mupdate_scripts_classes[22m | [39m[0m
[   2% ] [90m[1mupdate_scripts_classes[22m | [39m[0m
[   2% ] [90m[1mupdate_scripts_classes[22m | [39m[0m
[   2% ] [90m[1mupdate_scripts_classes[22m | [39m[0m
[   3% ] [90m[1mupdate_scripts_classes[22m | JSONSchema[39m[0m
[   3% ] [90m[1mupdate_scripts_classes[22m | [39m[0m
[   3% ] [90m[1mupdate_scripts_classes[22m | [39m[0m
[   4% ] [90m[1mupdate_scripts_classes[22m | ModLoaderConfig[39m[0m
[   4% ] [90m[1mupdate_scripts_classes[22m | ModLoaderDeprecated[39m[0m
[   4% ] [90m[1mupdate_scripts_classes[22m | ModLoaderHookChain[39m[0m
[   4% ] [90m[1mupdate_scripts_classes[22m | ModLoaderLog[39m[0m
[   5% ] [90m[1mupdate_scripts_classes[22m | ModLoaderMod[39m[0m
[   5% ] [90m[1mupdate_scripts_classes[22m | ModLoaderUserProfile[39m[0m
[   5% ] [90m[1mupdate_scripts_classes[22m | _ModLoaderSteam[39m[0m
[   5% ] [90m[1mupdate_scripts_classes[22m | _ModLoaderCache[39m[0m
[   6% ] [90m[1mupdate_scripts_classes[22m | _ModLoaderCLI[39m[0m
[   6% ] [90m[1mupdate_scripts_classes[22m | _ModLoaderDependency[39m[0m
[   6% ] [90m[1mupdate_scripts_classes[22m | _ModLoaderFile[39m[0m
[   7% ] [90m[1mupdate_scripts_classes[22m | _ModLoaderGodot[39m[0m
[   7% ] [90m[1mupdate_scripts_classes[22m | _ModLoaderHooks[39m[0m
[   7% ] [90m[1mupdate_scripts_classes[22m | _ModLoaderModHookPacker[39m[0m
[   7% ] [90m[1mupdate_scripts_classes[22m | _ModLoaderModHookPreProcessor[39m[0m
[   8% ] [90m[1mupdate_scripts_classes[22m | ModLoaderUtils[39m[0m
[   8% ] [90m[1mupdate_scripts_classes[22m | _ModLoaderPath[39m[0m
[   8% ] [90m[1mupdate_scripts_classes[22m | _ModLoaderSceneExtension[39m[0m
[   8% ] [90m[1mupdate_scripts_classes[22m | _ModLoaderScriptExtension[39m[0m
[   9% ] [90m[1mupdate_scripts_classes[22m | ModConfig[39m[0m
[   9% ] [90m[1mupdate_scripts_classes[22m | ModData[39m[0m
[   9% ] [90m[1mupdate_scripts_classes[22m | ModManifest[39m[0m
[  10% ] [90m[1mupdate_scripts_classes[22m | ModUserProfile[39m[0m
[  10% ] [90m[1mupdate_scripts_classes[22m | ModLoaderCurrentOptions[39m[0m
[  10% ] [90m[1mupdate_scripts_classes[22m | ModLoaderOptionsProfile[39m[0m
[  10% ] [90m[1mupdate_scripts_classes[22m | ModLoaderSetupLog[39m[0m
[  11% ] [90m[1mupdate_scripts_classes[22m | ModLoaderSetupUtils[39m[0m
[  11% ] [90m[1mupdate_scripts_classes[22m | [39m[0m
[  11% ] [90m[1mupdate_scripts_classes[22m | [39m[0m
[  11% ] [90m[1mupdate_scripts_classes[22m | [39m[0m
[  12% ] [90m[1mupdate_scripts_classes[22m | ModToolStore[39m[0m
[  12% ] [90m[1mupdate_scripts_classes[22m | ModToolUtils[39m[0m
[  12% ] [90m[1mupdate_scripts_classes[22m | [39m[0m
[  13% ] [90m[1mupdate_scripts_classes[22m | [39m[0m
[  13% ] [90m[1mupdate_scripts_classes[22m | FileSystemContextActions[39m[0m
[  13% ] [90m[1mupdate_scripts_classes[22m | [39m[0m
[  13% ] [90m[1mupdate_scripts_classes[22m | ModToolInterfaceInput[39m[0m
[  14% ] [90m[1mupdate_scripts_classes[22m | ModToolInterfaceInputOptions[39m[0m
[  14% ] [90m[1mupdate_scripts_classes[22m | ModToolInterfaceInputString[39m[0m
[  14% ] [90m[1mupdate_scripts_classes[22m | ModToolInterfaceInputStringWithButton[39m[0m
[  14% ] [90m[1mupdate_scripts_classes[22m | [39m[0m
[  15% ] [90m[1mupdate_scripts_classes[22m | ModToolInterfaceHookGen[39m[0m
[  15% ] [90m[1mupdate_scripts_classes[22m | ModToolInterfaceHookRestore[39m[0m
[  15% ] [90m[1mupdate_scripts_classes[22m | [39m[0m
[  16% ] [90m[1mupdate_scripts_classes[22m | ModToolsPanel[39m[0m
[  16% ] [90m[1mupdate_scripts_classes[22m | ModToolZipBuilder[39m[0m
[  16% ] [90m[1mupdate_scripts_classes[22m | ModToolHookGen[39m[0m
[  16% ] [90m[1mupdate_scripts_classes[22m | [39m[0m
[  17% ] [90m[1mupdate_scripts_classes[22m | [39m[0m
[  17% ] [90m[1mupdate_scripts_classes[22m | [39m[0m
[  17% ] [90m[1mupdate_scripts_classes[22m | Block[39m[0m
[  17% ] [90m[1mupdate_scripts_classes[22m | [39m[0m
[  18% ] [90m[1mupdate_scripts_classes[22m | [39m[0m
[  18% ] [90m[1mupdate_scripts_classes[22m | BrickBlock[39m[0m
[  18% ] [90m[1mupdate_scripts_classes[22m | [39m[0m
[  19% ] [90m[1mupdate_scripts_classes[22m | [39m[0m
[  19% ] [90m[1mupdate_scripts_classes[22m | [39m[0m
[  19% ] [90m[1mupdate_scripts_classes[22m | [39m[0m
[  19% ] [90m[1mupdate_scripts_classes[22m | NoteBlock[39m[0m
[  20% ] [90m[1mupdate_scripts_classes[22m | [39m[0m
[  20% ] [90m[1mupdate_scripts_classes[22m | [39m[0m
[  20% ] [90m[1mupdate_scripts_classes[22m | TimedBooBlock[39m[0m
[  20% ] [90m[1mupdate_scripts_classes[22m | [39m[0m
[  21% ] [90m[1mupdate_scripts_classes[22m | AchievementProgressCalculator[39m[0m
[  21% ] [90m[1mupdate_scripts_classes[22m | AnimationPauser[39m[0m
[  21% ] [90m[1mupdate_scripts_classes[22m | BasicEnemyMovement[39m[0m
[  22% ] [90m[1mupdate_scripts_classes[22m | BasicStaticMovement[39m[0m
[  22% ] [90m[1mupdate_scripts_classes[22m | [39m[0m
[  22% ] [90m[1mupdate_scripts_classes[22m | BlockBouncingDetection[39m[0m
[  22% ] [90m[1mupdate_scripts_classes[22m | BlockHitter[39m[0m
[  23% ] [90m[1mupdate_scripts_classes[22m | [39m[0m
[  23% ] [90m[1mupdate_scripts_classes[22m | PropertyExposer[39m[0m
[  23% ] [90m[1mupdate_scripts_classes[22m | EnemyPlayerDetection[39m[0m
[  23% ] [90m[1mupdate_scripts_classes[22m | ExplosionDetection[39m[0m
[  24% ] [90m[1mupdate_scripts_classes[22m | FireballDetection[39m[0m
[  24% ] [90m[1mupdate_scripts_classes[22m | GibSpawner[39m[0m
[  24% ] [90m[1mupdate_scripts_classes[22m | IcicleDetection[39m[0m
[  25% ] [90m[1mupdate_scripts_classes[22m | LedgeDetectionCast[39m[0m
[  25% ] [90m[1mupdate_scripts_classes[22m | LevelPersistance[39m[0m
[  25% ] [90m[1mupdate_scripts_classes[22m | OffScreenDespawner[39m[0m
[  25% ] [90m[1mupdate_scripts_classes[22m | PackStreamPlayer[39m[0m
[  26% ] [90m[1mupdate_scripts_classes[22m | PSwitcher[39m[0m
[  26% ] [90m[1mupdate_scripts_classes[22m | ResourceGetter[39m[0m
[  26% ] [90m[1mupdate_scripts_classes[22m | ResourceSetter[39m[0m
[  26% ] [90m[1mupdate_scripts_classes[22m | ResourceSetterNew[39m[0m
[  27% ] [90m[1mupdate_scripts_classes[22m | [39m[0m
[  27% ] [90m[1mupdate_scripts_classes[22m | [39m[0m
[  27% ] [90m[1mupdate_scripts_classes[22m | ScoreNoteSpawner[39m[0m
[  27% ] [90m[1mupdate_scripts_classes[22m | SecondQuestReplacer[39m[0m
[  28% ] [90m[1mupdate_scripts_classes[22m | ShellDetection[39m[0m
[  28% ] [90m[1mupdate_scripts_classes[22m | TileGrabber[39m[0m
[  28% ] [90m[1mupdate_scripts_classes[22m | TilesetTextureSetter[39m[0m
[  29% ] [90m[1mupdate_scripts_classes[22m | TimerSprite[39m[0m
[  29% ] [90m[1mupdate_scripts_classes[22m | TimerStarter[39m[0m
[  29% ] [90m[1mupdate_scripts_classes[22m | TrackJoint[39m[0m
[  29% ] [90m[1mupdate_scripts_classes[22m | EditorSelectorScroller[39m[0m
[  30% ] [90m[1mupdate_scripts_classes[22m | EditorTileSelector[39m[0m
[  30% ] [90m[1mupdate_scripts_classes[22m | LevelEditor[39m[0m
[  30% ] [90m[1mupdate_scripts_classes[22m | BetterOptionButton[39m[0m
[  30% ] [90m[1mupdate_scripts_classes[22m | [39m[0m
[  31% ] [90m[1mupdate_scripts_classes[22m | [39m[0m
[  31% ] [90m[1mupdate_scripts_classes[22m | [39m[0m
[  31% ] [90m[1mupdate_scripts_classes[22m | [39m[0m
[  32% ] [90m[1mupdate_scripts_classes[22m | [39m[0m
[  32% ] [90m[1mupdate_scripts_classes[22m | [39m[0m
[  32% ] [90m[1mupdate_scripts_classes[22m | [39m[0m
[  32% ] [90m[1mupdate_scripts_classes[22m | [39m[0m
[  33% ] [90m[1mupdate_scripts_classes[22m | BowserFlame[39m[0m
[  33% ] [90m[1mupdate_scripts_classes[22m | BulletBill[39m[0m
[  33% ] [90m[1mupdate_scripts_classes[22m | [39m[0m
[  33% ] [90m[1mupdate_scripts_classes[22m | [39m[0m
[  34% ] [90m[1mupdate_scripts_classes[22m | [39m[0m
[  34% ] [90m[1mupdate_scripts_classes[22m | [39m[0m
[  34% ] [90m[1mupdate_scripts_classes[22m | [39m[0m
[  35% ] [90m[1mupdate_scripts_classes[22m | Icicle[39m[0m
[  35% ] [90m[1mupdate_scripts_classes[22m | [39m[0m
[  35% ] [90m[1mupdate_scripts_classes[22m | Lakitu[39m[0m
[  35% ] [90m[1mupdate_scripts_classes[22m | [39m[0m
[  36% ] [90m[1mupdate_scripts_classes[22m | [39m[0m
[  36% ] [90m[1mupdate_scripts_classes[22m | [39m[0m
[  36% ] [90m[1mupdate_scripts_classes[22m | [39m[0m
[  36% ] [90m[1mupdate_scripts_classes[22m | [39m[0m
[  37% ] [90m[1mupdate_scripts_classes[22m | [39m[0m
[  37% ] [90m[1mupdate_scripts_classes[22m | [39m[0m
[  37% ] [90m[1mupdate_scripts_classes[22m | [39m[0m
[  38% ] [90m[1mupdate_scripts_classes[22m | [39m[0m
[  38% ] [90m[1mupdate_scripts_classes[22m | [39m[0m
[  38% ] [90m[1mupdate_scripts_classes[22m | Thwomp[39m[0m
[  38% ] [90m[1mupdate_scripts_classes[22m | [39m[0m
[  39% ] [90m[1mupdate_scripts_classes[22m | [39m[0m
[  39% ] [90m[1mupdate_scripts_classes[22m | FireBall[39m[0m
[  39% ] [90m[1mupdate_scripts_classes[22m | [39m[0m
[  39% ] [90m[1mupdate_scripts_classes[22m | Hammer[39m[0m
[  40% ] [90m[1mupdate_scripts_classes[22m | [39m[0m
[  40% ] [90m[1mupdate_scripts_classes[22m | KeyItem[39m[0m
[  40% ] [90m[1mupdate_scripts_classes[22m | PowerUpItem[39m[0m
[  41% ] [90m[1mupdate_scripts_classes[22m | [39m[0m
[  41% ] [90m[1mupdate_scripts_classes[22m | [39m[0m
[  41% ] [90m[1mupdate_scripts_classes[22m | [39m[0m
[  41% ] [90m[1mupdate_scripts_classes[22m | [39m[0m
[  42% ] [90m[1mupdate_scripts_classes[22m | [39m[0m
[  42% ] [90m[1mupdate_scripts_classes[22m | [39m[0m
[  42% ] [90m[1mupdate_scripts_classes[22m | Vine[39m[0m
[  42% ] [90m[1mupdate_scripts_classes[22m | [39m[0m
[  43% ] [90m[1mupdate_scripts_classes[22m | [39m[0m
[  43% ] [90m[1mupdate_scripts_classes[22m | [39m[0m
[  43% ] [90m[1mupdate_scripts_classes[22m | [39m[0m
[  44% ] [90m[1mupdate_scripts_classes[22m | [39m[0m
[  44% ] [90m[1mupdate_scripts_classes[22m | [39m[0m
[  44% ] [90m[1mupdate_scripts_classes[22m | [39m[0m
[  44% ] [90m[1mupdate_scripts_classes[22m | Door[39m[0m
[  45% ] [90m[1mupdate_scripts_classes[22m | [39m[0m
[  45% ] [90m[1mupdate_scripts_classes[22m | [39m[0m
[  45% ] [90m[1mupdate_scripts_classes[22m | Explosion[39m[0m
[  45% ] [90m[1mupdate_scripts_classes[22m | [39m[0m
[  46% ] [90m[1mupdate_scripts_classes[22m | [39m[0m
[  46% ] [90m[1mupdate_scripts_classes[22m | [39m[0m
[  46% ] [90m[1mupdate_scripts_classes[22m | RopeElevatorPlatform[39m[0m
[  47% ] [90m[1mupdate_scripts_classes[22m | SpikeBall[39m[0m
[  47% ] [90m[1mupdate_scripts_classes[22m | Track[39m[0m
[  47% ] [90m[1mupdate_scripts_classes[22m | TrackPiece[39m[0m
[  47% ] [90m[1mupdate_scripts_classes[22m | TrackRider[39m[0m
[  48% ] [90m[1mupdate_scripts_classes[22m | [39m[0m
[  48% ] [90m[1mupdate_scripts_classes[22m | [39m[0m
[  48% ] [90m[1mupdate_scripts_classes[22m | Enemy[39m[0m
[  48% ] [90m[1mupdate_scripts_classes[22m | PipeArea[39m[0m
[  49% ] [90m[1mupdate_scripts_classes[22m | Player[39m[0m
[  49% ] [90m[1mupdate_scripts_classes[22m | Shell[39m[0m
[  49% ] [90m[1mupdate_scripts_classes[22m | TeleportPipeArea[39m[0m
[  50% ] [90m[1mupdate_scripts_classes[22m | [39m[0m
[  50% ] [90m[1mupdate_scripts_classes[22m | PowerUpState[39m[0m
[  50% ] [90m[1mupdate_scripts_classes[22m | [39m[0m
[  50% ] [90m[1mupdate_scripts_classes[22m | AnniversaryResource[39m[0m
[  51% ] [90m[1mupdate_scripts_classes[22m | CampaignResource[39m[0m
[  51% ] [90m[1mupdate_scripts_classes[22m | ColourPaletteResource[39m[0m
[  51% ] [90m[1mupdate_scripts_classes[22m | RandomizedResource[39m[0m
[  51% ] [90m[1mupdate_scripts_classes[22m | SettingsResource[39m[0m
[  52% ] [90m[1mupdate_scripts_classes[22m | ThemedResource[39m[0m
[  52% ] [90m[1mupdate_scripts_classes[22m | TimedResource[39m[0m
[  52% ] [90m[1mupdate_scripts_classes[22m | [39m[0m
[  52% ] [90m[1mupdate_scripts_classes[22m | [39m[0m
[  53% ] [90m[1mupdate_scripts_classes[22m | ChallengeModeHandler[39m[0m
[  53% ] [90m[1mupdate_scripts_classes[22m | [39m[0m
[  53% ] [90m[1mupdate_scripts_classes[22m | [39m[0m
[  54% ] [90m[1mupdate_scripts_classes[22m | [39m[0m
[  54% ] [90m[1mupdate_scripts_classes[22m | [39m[0m
[  54% ] [90m[1mupdate_scripts_classes[22m | [39m[0m
[  54% ] [90m[1mupdate_scripts_classes[22m | [39m[0m
[  55% ] [90m[1mupdate_scripts_classes[22m | [39m[0m
[  55% ] [90m[1mupdate_scripts_classes[22m | [39m[0m
[  55% ] [90m[1mupdate_scripts_classes[22m | [39m[0m
[  55% ] [90m[1mupdate_scripts_classes[22m | [39m[0m
[  56% ] [90m[1mupdate_scripts_classes[22m | [39m[0m
[  56% ] [90m[1mupdate_scripts_classes[22m | [39m[0m
[  56% ] [90m[1mupdate_scripts_classes[22m | [39m[0m
[  57% ] [90m[1mupdate_scripts_classes[22m | PlayerState[39m[0m
[  57% ] [90m[1mupdate_scripts_classes[22m | [39m[0m
[  57% ] [90m[1mupdate_scripts_classes[22m | State[39m[0m
[  57% ] [90m[1mupdate_scripts_classes[22m | StateMachine[39m[0m
[  58% ] [90m[1mupdate_scripts_classes[22m | GameHUD[39m[0m
[  58% ] [90m[1mupdate_scripts_classes[22m | PackAnimatedSprite2D[39m[0m
[  58% ] [90m[1mupdate_scripts_classes[22m | PackNinePatch[39m[0m
[  58% ] [90m[1mupdate_scripts_classes[22m | PackSprite[39m[0m
[  59% ] [90m[1mupdate_scripts_classes[22m | PackTextureRect[39m[0m
[  59% ] [90m[1mupdate_scripts_classes[22m | BooRaceHandler[39m[0m
[  59% ] [90m[1mupdate_scripts_classes[22m | CoinHeaven[39m[0m
[  60% ] [90m[1mupdate_scripts_classes[22m | LevelBG[39m[0m
[  60% ] [90m[1mupdate_scripts_classes[22m | Level[39m[0m
[  60% ] [90m[1mupdate_scripts_classes[22m | AssetRipper[39m[0m
[  60% ] [90m[1mupdate_scripts_classes[22m | BetterAnimatedSprite2D[39m[0m
[  61% ] [90m[1mupdate_scripts_classes[22m | [39m[0m
[  61% ] [90m[1mupdate_scripts_classes[22m | [39m[0m
[  61% ] [90m[1mupdate_scripts_classes[22m | [39m[0m
[  61% ] [90m[1mupdate_scripts_classes[22m | [39m[0m
[  62% ] [90m[1mupdate_scripts_classes[22m | CameraHandler[39m[0m
[  62% ] [90m[1mupdate_scripts_classes[22m | CameraRightLimit[39m[0m
[  62% ] [90m[1mupdate_scripts_classes[22m | [39m[0m
[  63% ] [90m[1mupdate_scripts_classes[22m | [39m[0m
[  63% ] [90m[1mupdate_scripts_classes[22m | [39m[0m
[  63% ] [90m[1mupdate_scripts_classes[22m | CastleVisual[39m[0m
[  63% ] [90m[1mupdate_scripts_classes[22m | ChallengeNodes[39m[0m
[  64% ] [90m[1mupdate_scripts_classes[22m | Checkpoint[39m[0m
[  64% ] [90m[1mupdate_scripts_classes[22m | ClassicThemeNode[39m[0m
[  64% ] [90m[1mupdate_scripts_classes[22m | AllCoinsCollectedCheck[39m[0m
[  64% ] [90m[1mupdate_scripts_classes[22m | CoinHeavenWarpPoint[39m[0m
[  65% ] [90m[1mupdate_scripts_classes[22m | ColourPaletteSampler[39m[0m
[  65% ] [90m[1mupdate_scripts_classes[22m | [39m[0m
[  65% ] [90m[1mupdate_scripts_classes[22m | [39m[0m
[  66% ] [90m[1mupdate_scripts_classes[22m | [39m[0m
[  66% ] [90m[1mupdate_scripts_classes[22m | [39m[0m
[  66% ] [90m[1mupdate_scripts_classes[22m | DiscoLevel[39m[0m
[  66% ] [90m[1mupdate_scripts_classes[22m | [39m[0m
[  67% ] [90m[1mupdate_scripts_classes[22m | [39m[0m
[  67% ] [90m[1mupdate_scripts_classes[22m | LevelEditorToggleDetection[39m[0m
[  67% ] [90m[1mupdate_scripts_classes[22m | LevelEditorVisibleNode[39m[0m
[  67% ] [90m[1mupdate_scripts_classes[22m | [39m[0m
[  68% ] [90m[1mupdate_scripts_classes[22m | [39m[0m
[  68% ] [90m[1mupdate_scripts_classes[22m | [39m[0m
[  68% ] [90m[1mupdate_scripts_classes[22m | EntityGenerator[39m[0m
[  69% ] [90m[1mupdate_scripts_classes[22m | [39m[0m
[  69% ] [90m[1mupdate_scripts_classes[22m | EntityIDMapper[39m[0m
[  69% ] [90m[1mupdate_scripts_classes[22m | EntityTileContainer[39m[0m
[  69% ] [90m[1mupdate_scripts_classes[22m | ExtraBGM[39m[0m
[  70% ] [90m[1mupdate_scripts_classes[22m | FontUpdater[39m[0m
[  70% ] [90m[1mupdate_scripts_classes[22m | [39m[0m
[  70% ] [90m[1mupdate_scripts_classes[22m | SecondQuestNode[39m[0m
[  70% ] [90m[1mupdate_scripts_classes[22m | [39m[0m
[  71% ] [90m[1mupdate_scripts_classes[22m | LabelFontChanger[39m[0m
[  71% ] [90m[1mupdate_scripts_classes[22m | [39m[0m
[  71% ] [90m[1mupdate_scripts_classes[22m | [39m[0m
[  72% ] [90m[1mupdate_scripts_classes[22m | [39m[0m
[  72% ] [90m[1mupdate_scripts_classes[22m | LevelGuide[39m[0m
[  72% ] [90m[1mupdate_scripts_classes[22m | [39m[0m
[  72% ] [90m[1mupdate_scripts_classes[22m | LevelSaver[39m[0m
[  73% ] [90m[1mupdate_scripts_classes[22m | LevelTransition[39m[0m
[  73% ] [90m[1mupdate_scripts_classes[22m | [39m[0m
[  73% ] [90m[1mupdate_scripts_classes[22m | [39m[0m
[  73% ] [90m[1mupdate_scripts_classes[22m | [39m[0m
[  74% ] [90m[1mupdate_scripts_classes[22m | MoonGravity[39m[0m
[  74% ] [90m[1mupdate_scripts_classes[22m | [39m[0m
[  74% ] [90m[1mupdate_scripts_classes[22m | PickAPathPoint[39m[0m
[  75% ] [90m[1mupdate_scripts_classes[22m | [39m[0m
[  75% ] [90m[1mupdate_scripts_classes[22m | PipeCutscene[39m[0m
[  75% ] [90m[1mupdate_scripts_classes[22m | [39m[0m
[  75% ] [90m[1mupdate_scripts_classes[22m | PlayerDetection[39m[0m
[  76% ] [90m[1mupdate_scripts_classes[22m | PlayerGhost[39m[0m
[  76% ] [90m[1mupdate_scripts_classes[22m | PlayerSprite[39m[0m
[  76% ] [90m[1mupdate_scripts_classes[22m | [39m[0m
[  76% ] [90m[1mupdate_scripts_classes[22m | [39m[0m
[  77% ] [90m[1mupdate_scripts_classes[22m | [39m[0m
[  77% ] [90m[1mupdate_scripts_classes[22m | [39m[0m
[  77% ] [90m[1mupdate_scripts_classes[22m | SettingObjectNode[39m[0m
[  77% ] [90m[1mupdate_scripts_classes[22m | ThemedToJSONConverter[39m[0m
[  78% ] [90m[1mupdate_scripts_classes[22m | TextShadowColourChanger[39m[0m
[  78% ] [90m[1mupdate_scripts_classes[22m | TileMapConverter[39m[0m
[  78% ] [90m[1mupdate_scripts_classes[22m | TilePropertySceneRef[39m[0m
[  79% ] [90m[1mupdate_scripts_classes[22m | TilePropertyTrackPath[39m[0m
[  79% ] [90m[1mupdate_scripts_classes[22m | TilePropertyContainer[39m[0m
[  79% ] [90m[1mupdate_scripts_classes[22m | [39m[0m
[  79% ] [90m[1mupdate_scripts_classes[22m | [39m[0m
[  80% ] [90m[1mupdate_scripts_classes[22m | TitleScreen[39m[0m
[  80% ] [90m[1mupdate_scripts_classes[22m | UpsideDownGravityArea[39m[0m
[  80% ] [90m[1mupdate_scripts_classes[22m | [39m[0m
[  80% ] [90m[1mupdate_scripts_classes[22m | WarpPipeArea[39m[0m
[  81% ] [90m[1mupdate_scripts_classes[22m | WarpRunSetter[39m[0m
[  81% ] [90m[1mupdate_scripts_classes[22m | WarpZone[39m[0m
[  81% ] [90m[1mupdate_scripts_classes[22m | [39m[0m
[  82% ] [90m[1mupdate_scripts_classes[22m | WaterArea[39m[0m
[  82% ] [90m[1mupdate_scripts_classes[22m | [39m[0m
[  82% ] [90m[1mupdate_scripts_classes[22m | [39m[0m
[  82% ] [90m[1mupdate_scripts_classes[22m | AchievementContainer[39m[0m
[  83% ] [90m[1mupdate_scripts_classes[22m | AchievementMenu[39m[0m
[  83% ] [90m[1mupdate_scripts_classes[22m | [39m[0m
[  83% ] [90m[1mupdate_scripts_classes[22m | [39m[0m
[  83% ] [90m[1mupdate_scripts_classes[22m | AutoScrollContainer[39m[0m
[  84% ] [90m[1mupdate_scripts_classes[22m | [39m[0m
[  84% ] [90m[1mupdate_scripts_classes[22m | [39m[0m
[  84% ] [90m[1mupdate_scripts_classes[22m | [39m[0m
[  85% ] [90m[1mupdate_scripts_classes[22m | [39m[0m
[  85% ] [90m[1mupdate_scripts_classes[22m | [39m[0m
[  85% ] [90m[1mupdate_scripts_classes[22m | CreditsLevel[39m[0m
[  85% ] [90m[1mupdate_scripts_classes[22m | CustomLevelContainer[39m[0m
[  86% ] [90m[1mupdate_scripts_classes[22m | [39m[0m
[  86% ] [90m[1mupdate_scripts_classes[22m | CustomLevelMenu[39m[0m
[  86% ] [90m[1mupdate_scripts_classes[22m | [39m[0m
[  86% ] [90m[1mupdate_scripts_classes[22m | [39m[0m
[  87% ] [90m[1mupdate_scripts_classes[22m | [39m[0m
[  87% ] [90m[1mupdate_scripts_classes[22m | [39m[0m
[  87% ] [90m[1mupdate_scripts_classes[22m | [39m[0m
[  88% ] [90m[1mupdate_scripts_classes[22m | [39m[0m
[  88% ] [90m[1mupdate_scripts_classes[22m | [39m[0m
[  88% ] [90m[1mupdate_scripts_classes[22m | [39m[0m
[  88% ] [90m[1mupdate_scripts_classes[22m | [39m[0m
[  89% ] [90m[1mupdate_scripts_classes[22m | [39m[0m
[  89% ] [90m[1mupdate_scripts_classes[22m | [39m[0m
[  89% ] [90m[1mupdate_scripts_classes[22m | [39m[0m
[  89% ] [90m[1mupdate_scripts_classes[22m | [39m[0m
[  90% ] [90m[1mupdate_scripts_classes[22m | OnlineLevelContainer[39m[0m
[  90% ] [90m[1mupdate_scripts_classes[22m | [39m[0m
[  90% ] [90m[1mupdate_scripts_classes[22m | [39m[0m
[  91% ] [90m[1mupdate_scripts_classes[22m | [39m[0m
[  91% ] [90m[1mupdate_scripts_classes[22m | [39m[0m
[  91% ] [90m[1mupdate_scripts_classes[22m | [39m[0m
[  91% ] [90m[1mupdate_scripts_classes[22m | PackConfigOption[39m[0m
[  92% ] [90m[1mupdate_scripts_classes[22m | ResourcePackContainer[39m[0m
[  92% ] [90m[1mupdate_scripts_classes[22m | AssetEditor[39m[0m
[  92% ] [90m[1mupdate_scripts_classes[22m | ResourceGenerator[39m[0m
[  92% ] [90m[1mupdate_scripts_classes[22m | ROMVerifier[39m[0m
[  93% ] [90m[1mupdate_scripts_classes[22m | [39m[0m
[  93% ] [90m[1mupdate_scripts_classes[22m | SelectableInputOption[39m[0m
[  93% ] [90m[1mupdate_scripts_classes[22m | [39m[0m
[  94% ] [90m[1mupdate_scripts_classes[22m | [39m[0m
[  94% ] [90m[1mupdate_scripts_classes[22m | [39m[0m
[  94% ] [90m[1mupdate_scripts_classes[22m | [39m[0m
[  94% ] [90m[1mupdate_scripts_classes[22m | [39m[0m
[  95% ] [90m[1mupdate_scripts_classes[22m | [39m[0m
[  95% ] [90m[1mupdate_scripts_classes[22m | [39m[0m
[  95% ] [90m[1mupdate_scripts_classes[22m | [39m[0m
[  95% ] [90m[1mupdate_scripts_classes[22m | [39m[0m
[  96% ] [90m[1mupdate_scripts_classes[22m | [39m[0m
[  96% ] [90m[1mupdate_scripts_classes[22m | [39m[0m
[  96% ] [90m[1mupdate_scripts_classes[22m | SwapContainer[39m[0m
[  97% ] [90m[1mupdate_scripts_classes[22m | TextValidator[39m[0m
[  97% ] [90m[1mupdate_scripts_classes[22m | [39m[0m
[  97% ] [90m[1mupdate_scripts_classes[22m | [39m[0m
[  97% ] [90m[1mupdate_scripts_classes[22m | TitleScreenOptions[39m[0m
[  98% ] [90m[1mupdate_scripts_classes[22m | [39m[0m
[  98% ] [90m[1mupdate_scripts_classes[22m | [39m[0m
[  98% ] [90m[1mupdate_scripts_classes[22m | [39m[0m
[  98% ] [90m[1mupdate_scripts_classes[22m | [39m[0m
[  99% ] [90m[1mupdate_scripts_classes[22m | [39m[0m
[  99% ] [90m[1mupdate_scripts_classes[22m | [39m[0m
[92m[ DONE ][39m [1mupdate_scripts_classes[22m
[0m
[   0% ] [90m[1m_update_scan_actions[22m | Started Scanning actions... (879 steps)[39m[0m
[   0% ] [90m[1m_update_scan_actions[22m | SymmetryAll.svg[39m[0m
[   0% ] [90m[1m_update_scan_actions[22m | SymmetryFlip.svg[39m[0m
[   0% ] [90m[1m_update_scan_actions[22m | SymmetryMirror.svg[39m[0m
[   0% ] [90m[1m_update_scan_actions[22m | SymmetryReflect.svg[39m[0m
[   0% ] [90m[1m_update_scan_actions[22m | SymmetryRotate180.svg[39m[0m
[   0% ] [90m[1m_update_scan_actions[22m | SymmetryRotateAll.svg[39m[0m
[   0% ] [90m[1m_update_scan_actions[22m | SymmetryRotateClockwise.svg[39m[0m
[   0% ] [90m[1m_update_scan_actions[22m | SymmetryRotateCounterClockwise.svg[39m[0m
[   0% ] [90m[1m_update_scan_actions[22m | Decoration.svg[39m[0m
[   1% ] [90m[1m_update_scan_actions[22m | EditSymmetry.svg[39m[0m
[   1% ] [90m[1m_update_scan_actions[22m | EditTerrain.svg[39m[0m
[   1% ] [90m[1m_update_scan_actions[22m | EditType.svg[39m[0m
[   1% ] [90m[1m_update_scan_actions[22m | MatchTiles.svg[39m[0m
[   1% ] [90m[1m_update_scan_actions[22m | MatchVertices.svg[39m[0m
[   1% ] [90m[1m_update_scan_actions[22m | NonModifying.svg[39m[0m
[   1% ] [90m[1m_update_scan_actions[22m | Replace.svg[39m[0m
[   1% ] [90m[1m_update_scan_actions[22m | ShuffleRandom.svg[39m[0m
[   1% ] [90m[1m_update_scan_actions[22m | SymmetryAll.svg[39m[0m
[   2% ] [90m[1m_update_scan_actions[22m | SymmetryFlip.svg[39m[0m
[   2% ] [90m[1m_update_scan_actions[22m | SymmetryMirror.svg[39m[0m
[   2% ] [90m[1m_update_scan_actions[22m | SymmetryReflect.svg[39m[0m
[   2% ] [90m[1m_update_scan_actions[22m | SymmetryRotate180.svg[39m[0m
[   2% ] [90m[1m_update_scan_actions[22m | SymmetryRotateAll.svg[39m[0m
[   2% ] [90m[1m_update_scan_actions[22m | SymmetryRotateClockwise.svg[39m[0m
[   2% ] [90m[1m_update_scan_actions[22m | SymmetryRotateCounterClockwise.svg[39m[0m
[   2% ] [90m[1m_update_scan_actions[22m | Warning.svg[39m[0m
[   2% ] [90m[1m_update_scan_actions[22m | icon.svg[39m[0m
[   3% ] [90m[1m_update_scan_actions[22m | Achievements.mp3[39m[0m
[   3% ] [90m[1m_update_scan_actions[22m | Airship.mp3[39m[0m
[   3% ] [90m[1m_update_scan_actions[22m | AirshipHurry.mp3[39m[0m
[   3% ] [90m[1m_update_scan_actions[22m | Athletic.mp3[39m[0m
[   3% ] [90m[1m_update_scan_actions[22m | AthleticHurry.mp3[39m[0m
[   3% ] [90m[1m_update_scan_actions[22m | Autumn.mp3[39m[0m
[   3% ] [90m[1m_update_scan_actions[22m | AutumnHurry.mp3[39m[0m
[   3% ] [90m[1m_update_scan_actions[22m | AutumnPipeCutscene.mp3[39m[0m
[   3% ] [90m[1m_update_scan_actions[22m | Beach.mp3[39m[0m
[   4% ] [90m[1m_update_scan_actions[22m | BeachHurry.mp3[39m[0m
[   4% ] [90m[1m_update_scan_actions[22m | BeachPipeCutscene.mp3[39m[0m
[   4% ] [90m[1m_update_scan_actions[22m | Bonus.mp3[39m[0m
[   4% ] [90m[1m_update_scan_actions[22m | BonusHurry.mp3[39m[0m
[   4% ] [90m[1m_update_scan_actions[22m | BooMenu.mp3[39m[0m
[   4% ] [90m[1m_update_scan_actions[22m | BooRace.mp3[39m[0m
[   4% ] [90m[1m_update_scan_actions[22m | BooRaceHurry.mp3[39m[0m
[   4% ] [90m[1m_update_scan_actions[22m | Bowser.mp3[39m[0m
[   5% ] [90m[1m_update_scan_actions[22m | BowserHurry.mp3[39m[0m
[   5% ] [90m[1m_update_scan_actions[22m | Castle.mp3[39m[0m
[   5% ] [90m[1m_update_scan_actions[22m | CastleComplete.mp3[39m[0m
[   5% ] [90m[1m_update_scan_actions[22m | CastleHurry.mp3[39m[0m
[   5% ] [90m[1m_update_scan_actions[22m | CastleWater.mp3[39m[0m
[   5% ] [90m[1m_update_scan_actions[22m | CastleWaterHurry.mp3[39m[0m
[   5% ] [90m[1m_update_scan_actions[22m | ChallengeEnd.mp3[39m[0m
[   5% ] [90m[1m_update_scan_actions[22m | ChallengeFail.mp3[39m[0m
[   5% ] [90m[1m_update_scan_actions[22m | ChallengeResults.mp3[39m[0m
[   6% ] [90m[1m_update_scan_actions[22m | CoinHeaven.mp3[39m[0m
[   6% ] [90m[1m_update_scan_actions[22m | CoinHeavenHurry.mp3[39m[0m
[   6% ] [90m[1m_update_scan_actions[22m | Credits.mp3[39m[0m
[   6% ] [90m[1m_update_scan_actions[22m | CustomLevel.mp3[39m[0m
[   6% ] [90m[1m_update_scan_actions[22m | Desert.mp3[39m[0m
[   6% ] [90m[1m_update_scan_actions[22m | DesertHurry.mp3[39m[0m
[   6% ] [90m[1m_update_scan_actions[22m | DesertPipeCutscene.mp3[39m[0m
[   6% ] [90m[1m_update_scan_actions[22m | Ending.mp3[39m[0m
[   6% ] [90m[1m_update_scan_actions[22m | FinalBowser.mp3[39m[0m
[   7% ] [90m[1m_update_scan_actions[22m | FinalBowserHurry.mp3[39m[0m
[   7% ] [90m[1m_update_scan_actions[22m | GameOver.mp3[39m[0m
[   7% ] [90m[1m_update_scan_actions[22m | Garden.mp3[39m[0m
[   7% ] [90m[1m_update_scan_actions[22m | GardenHurry.mp3[39m[0m
[   7% ] [90m[1m_update_scan_actions[22m | GardenPipeCutscene.mp3[39m[0m
[   7% ] [90m[1m_update_scan_actions[22m | GhostHouse.mp3[39m[0m
[   7% ] [90m[1m_update_scan_actions[22m | GhostHouseHurry.mp3[39m[0m
[   7% ] [90m[1m_update_scan_actions[22m | Hammer.mp3[39m[0m
[   7% ] [90m[1m_update_scan_actions[22m | HammerHurry.mp3[39m[0m
[   8% ] [90m[1m_update_scan_actions[22m | HurryUp.mp3[39m[0m
[   8% ] [90m[1m_update_scan_actions[22m | Jungle.mp3[39m[0m
[   8% ] [90m[1m_update_scan_actions[22m | JungleHurry.mp3[39m[0m
[   8% ] [90m[1m_update_scan_actions[22m | JunglePipeCutscene.mp3[39m[0m
[   8% ] [90m[1m_update_scan_actions[22m | LevelComplete.mp3[39m[0m
[   8% ] [90m[1m_update_scan_actions[22m | LoseRace.mp3[39m[0m
[   8% ] [90m[1m_update_scan_actions[22m | Mountain.mp3[39m[0m
[   8% ] [90m[1m_update_scan_actions[22m | MountainHurry.mp3[39m[0m
[   8% ] [90m[1m_update_scan_actions[22m | MountainPipeCutscene.mp3[39m[0m
[   9% ] [90m[1m_update_scan_actions[22m | Overworld.mp3[39m[0m
[   9% ] [90m[1m_update_scan_actions[22m | OverworldHurry.mp3[39m[0m
[   9% ] [90m[1m_update_scan_actions[22m | PerfectCoinHeaven.mp3[39m[0m
[   9% ] [90m[1m_update_scan_actions[22m | PipeCutscene.mp3[39m[0m
[   9% ] [90m[1m_update_scan_actions[22m | PipeLand.mp3[39m[0m
[   9% ] [90m[1m_update_scan_actions[22m | PipeLandHurry.mp3[39m[0m
[   9% ] [90m[1m_update_scan_actions[22m | PipeLandPipeCutscene.mp3[39m[0m
[   9% ] [90m[1m_update_scan_actions[22m | PlayerDie.mp3[39m[0m
[  10% ] [90m[1m_update_scan_actions[22m | PSwitch.mp3[39m[0m
[  10% ] [90m[1m_update_scan_actions[22m | PSwitchHurry.mp3[39m[0m
[  10% ] [90m[1m_update_scan_actions[22m | Setup.mp3[39m[0m
[  10% ] [90m[1m_update_scan_actions[22m | Silence.mp3[39m[0m
[  10% ] [90m[1m_update_scan_actions[22m | SMBLLEnding.mp3[39m[0m
[  10% ] [90m[1m_update_scan_actions[22m | Snow.mp3[39m[0m
[  10% ] [90m[1m_update_scan_actions[22m | SnowHurry.mp3[39m[0m
[  10% ] [90m[1m_update_scan_actions[22m | SnowPipeCutscene.mp3[39m[0m
[  10% ] [90m[1m_update_scan_actions[22m | Space.mp3[39m[0m
[  11% ] [90m[1m_update_scan_actions[22m | SpaceHurry.mp3[39m[0m
[  11% ] [90m[1m_update_scan_actions[22m | StarMan.mp3[39m[0m
[  11% ] [90m[1m_update_scan_actions[22m | StarManHurry.mp3[39m[0m
[  11% ] [90m[1m_update_scan_actions[22m | TitleANN.mp3[39m[0m
[  11% ] [90m[1m_update_scan_actions[22m | TitleSMB.mp3[39m[0m
[  11% ] [90m[1m_update_scan_actions[22m | TitleSMBLL.mp3[39m[0m
[  11% ] [90m[1m_update_scan_actions[22m | TitleSMBS.mp3[39m[0m
[  11% ] [90m[1m_update_scan_actions[22m | Underground.mp3[39m[0m
[  11% ] [90m[1m_update_scan_actions[22m | UndergroundHurry.mp3[39m[0m
[  12% ] [90m[1m_update_scan_actions[22m | Underwater.mp3[39m[0m
[  12% ] [90m[1m_update_scan_actions[22m | UnderwaterHurry.mp3[39m[0m
[  12% ] [90m[1m_update_scan_actions[22m | Volcano.mp3[39m[0m
[  12% ] [90m[1m_update_scan_actions[22m | VolcanoHurry.mp3[39m[0m
[  12% ] [90m[1m_update_scan_actions[22m | Wing.mp3[39m[0m
[  12% ] [90m[1m_update_scan_actions[22m | WingHurry.mp3[39m[0m
[  12% ] [90m[1m_update_scan_actions[22m | WinRace.mp3[39m[0m
[  12% ] [90m[1m_update_scan_actions[22m | Bass.wav[39m[0m
[  12% ] [90m[1m_update_scan_actions[22m | Flute.wav[39m[0m
[  13% ] [90m[1m_update_scan_actions[22m | Marimba.wav[39m[0m
[  13% ] [90m[1m_update_scan_actions[22m | Piano.wav[39m[0m
[  13% ] [90m[1m_update_scan_actions[22m | Rhodes.wav[39m[0m
[  13% ] [90m[1m_update_scan_actions[22m | Steel.wav[39m[0m
[  13% ] [90m[1m_update_scan_actions[22m | Trumpet.wav[39m[0m
[  13% ] [90m[1m_update_scan_actions[22m | Violin.wav[39m[0m
[  13% ] [90m[1m_update_scan_actions[22m | 1up.wav[39m[0m
[  13% ] [90m[1m_update_scan_actions[22m | AchievementUnlock.wav[39m[0m
[  13% ] [90m[1m_update_scan_actions[22m | ANNCheering1.wav[39m[0m
[  14% ] [90m[1m_update_scan_actions[22m | ANNCheering2.wav[39m[0m
[  14% ] [90m[1m_update_scan_actions[22m | ANNCheering3.wav[39m[0m
[  14% ] [90m[1m_update_scan_actions[22m | Beep.wav[39m[0m
[  14% ] [90m[1m_update_scan_actions[22m | BigJump.wav[39m[0m
[  14% ] [90m[1m_update_scan_actions[22m | BooLaugh.wav[39m[0m
[  14% ] [90m[1m_update_scan_actions[22m | BounceToad.wav[39m[0m
[  14% ] [90m[1m_update_scan_actions[22m | BowserFall.wav[39m[0m
[  14% ] [90m[1m_update_scan_actions[22m | BowserFire.wav[39m[0m
[  15% ] [90m[1m_update_scan_actions[22m | BowserFireAlt.wav[39m[0m
[  15% ] [90m[1m_update_scan_actions[22m | BreakBlock.wav[39m[0m
[  15% ] [90m[1m_update_scan_actions[22m | BreakBridge.wav[39m[0m
[  15% ] [90m[1m_update_scan_actions[22m | Bump.wav[39m[0m
[  15% ] [90m[1m_update_scan_actions[22m | Bumper.wav[39m[0m
[  15% ] [90m[1m_update_scan_actions[22m | BumperHigh.wav[39m[0m
[  15% ] [90m[1m_update_scan_actions[22m | Burner.wav[39m[0m
[  15% ] [90m[1m_update_scan_actions[22m | Cannon.wav[39m[0m
[  15% ] [90m[1m_update_scan_actions[22m | CannonFast.wav[39m[0m
[  16% ] [90m[1m_update_scan_actions[22m | CastleClear.wav[39m[0m
[  16% ] [90m[1m_update_scan_actions[22m | ChallengeMedalAward.wav[39m[0m
[  16% ] [90m[1m_update_scan_actions[22m | ChallengeModeGive.mp3[39m[0m
[  16% ] [90m[1m_update_scan_actions[22m | Checkpoint.wav[39m[0m
[  16% ] [90m[1m_update_scan_actions[22m | CheepCheepJump.wav[39m[0m
[  16% ] [90m[1m_update_scan_actions[22m | ClockGet.wav[39m[0m
[  16% ] [90m[1m_update_scan_actions[22m | ClownCarStrongFire.wav[39m[0m
[  16% ] [90m[1m_update_scan_actions[22m | Coin.wav[39m[0m
[  16% ] [90m[1m_update_scan_actions[22m | ComboMeterLoss.wav[39m[0m
[  17% ] [90m[1m_update_scan_actions[22m | Correct.wav[39m[0m
[  17% ] [90m[1m_update_scan_actions[22m | CourseClear.wav[39m[0m
[  17% ] [90m[1m_update_scan_actions[22m | Damage.wav[39m[0m
[  17% ] [90m[1m_update_scan_actions[22m | DoorClose.wav[39m[0m
[  17% ] [90m[1m_update_scan_actions[22m | DoorLocked.wav[39m[0m
[  17% ] [90m[1m_update_scan_actions[22m | DoorOpen.wav[39m[0m
[  17% ] [90m[1m_update_scan_actions[22m | DoorUnlock.wav[39m[0m
[  17% ] [90m[1m_update_scan_actions[22m | DryBonesCrumble.wav[39m[0m
[  17% ] [90m[1m_update_scan_actions[22m | Fireball.wav[39m[0m
[  18% ] [90m[1m_update_scan_actions[22m | Firework.wav[39m[0m
[  18% ] [90m[1m_update_scan_actions[22m | FlagSlide.wav[39m[0m
[  18% ] [90m[1m_update_scan_actions[22m | Hachisuke.wav[39m[0m
[  18% ] [90m[1m_update_scan_actions[22m | HammerHit.wav[39m[0m
[  18% ] [90m[1m_update_scan_actions[22m | HammerPoint.wav[39m[0m
[  18% ] [90m[1m_update_scan_actions[22m | HammerThrow.wav[39m[0m
[  18% ] [90m[1m_update_scan_actions[22m | IcicleCrash.wav[39m[0m
[  18% ] [90m[1m_update_scan_actions[22m | IcicleFall.wav[39m[0m
[  18% ] [90m[1m_update_scan_actions[22m | ItemAppear.wav[39m[0m
[  19% ] [90m[1m_update_scan_actions[22m | KeyCollect.wav[39m[0m
[  19% ] [90m[1m_update_scan_actions[22m | Kick.wav[39m[0m
[  19% ] [90m[1m_update_scan_actions[22m | LakituThrow.wav[39m[0m
[  19% ] [90m[1m_update_scan_actions[22m | LiftFall.wav[39m[0m
[  19% ] [90m[1m_update_scan_actions[22m | LuckyStar.wav[39m[0m
[  19% ] [90m[1m_update_scan_actions[22m | Magic.wav[39m[0m
[  19% ] [90m[1m_update_scan_actions[22m | MarathonMedal.wav[39m[0m
[  19% ] [90m[1m_update_scan_actions[22m | MenuNavigate.wav[39m[0m
[  20% ] [90m[1m_update_scan_actions[22m | NoteBlock.wav[39m[0m
[  20% ] [90m[1m_update_scan_actions[22m | Pause.wav[39m[0m
[  20% ] [90m[1m_update_scan_actions[22m | Pipe.wav[39m[0m
[  20% ] [90m[1m_update_scan_actions[22m | Podoboo.wav[39m[0m
[  20% ] [90m[1m_update_scan_actions[22m | Powerup.wav[39m[0m
[  20% ] [90m[1m_update_scan_actions[22m | RaceCountdown.wav[39m[0m
[  20% ] [90m[1m_update_scan_actions[22m | RankDown.wav[39m[0m
[  20% ] [90m[1m_update_scan_actions[22m | RankUpCBA.wav[39m[0m
[  20% ] [90m[1m_update_scan_actions[22m | RankUpSP.wav[39m[0m
[  21% ] [90m[1m_update_scan_actions[22m | RedCoin1.wav[39m[0m
[  21% ] [90m[1m_update_scan_actions[22m | RedCoin2.wav[39m[0m
[  21% ] [90m[1m_update_scan_actions[22m | RedCoin3.wav[39m[0m
[  21% ] [90m[1m_update_scan_actions[22m | RedCoin4.wav[39m[0m
[  21% ] [90m[1m_update_scan_actions[22m | RedCoin5.wav[39m[0m
[  21% ] [90m[1m_update_scan_actions[22m | Score.wav[39m[0m
[  21% ] [90m[1m_update_scan_actions[22m | ScoreLoop.wav[39m[0m
[  21% ] [90m[1m_update_scan_actions[22m | Silent.wav[39m[0m
[  21% ] [90m[1m_update_scan_actions[22m | Skid.wav[39m[0m
[  22% ] [90m[1m_update_scan_actions[22m | SmallJump.wav[39m[0m
[  22% ] [90m[1m_update_scan_actions[22m | Speaking.wav[39m[0m
[  22% ] [90m[1m_update_scan_actions[22m | Spring.wav[39m[0m
[  22% ] [90m[1m_update_scan_actions[22m | Stomp.wav[39m[0m
[  22% ] [90m[1m_update_scan_actions[22m | Swim.wav[39m[0m
[  22% ] [90m[1m_update_scan_actions[22m | Switch.wav[39m[0m
[  22% ] [90m[1m_update_scan_actions[22m | TimerBeep.wav[39m[0m
[  22% ] [90m[1m_update_scan_actions[22m | TimerRunningLow.wav[39m[0m
[  22% ] [90m[1m_update_scan_actions[22m | VineAppear.wav[39m[0m
[  23% ] [90m[1m_update_scan_actions[22m | Wind.wav[39m[0m
[  23% ] [90m[1m_update_scan_actions[22m | Yoshi.wav[39m[0m
[  23% ] [90m[1m_update_scan_actions[22m | YoshiEgg.wav[39m[0m
[  23% ] [90m[1m_update_scan_actions[22m | AirshipBush.png[39m[0m
[  23% ] [90m[1m_update_scan_actions[22m | AirshipBushLL.png[39m[0m
[  23% ] [90m[1m_update_scan_actions[22m | AirshipBushNight.png[39m[0m
[  23% ] [90m[1m_update_scan_actions[22m | AirshipBushNightLL.png[39m[0m
[  23% ] [90m[1m_update_scan_actions[22m | AutumnBush.png[39m[0m
[  23% ] [90m[1m_update_scan_actions[22m | AutumnBushLL.png[39m[0m
[  24% ] [90m[1m_update_scan_actions[22m | AutumnBushNight.png[39m[0m
[  24% ] [90m[1m_update_scan_actions[22m | AutumnBushNightLL.png[39m[0m
[  24% ] [90m[1m_update_scan_actions[22m | BonusBush.png[39m[0m
[  24% ] [90m[1m_update_scan_actions[22m | BonusBushLL.png[39m[0m
[  24% ] [90m[1m_update_scan_actions[22m | BonusBushNight.png[39m[0m
[  24% ] [90m[1m_update_scan_actions[22m | BonusBushNightLL.png[39m[0m
[  24% ] [90m[1m_update_scan_actions[22m | Bush.png[39m[0m
[  24% ] [90m[1m_update_scan_actions[22m | BushLL.png[39m[0m
[  25% ] [90m[1m_update_scan_actions[22m | BushNight.png[39m[0m
[  25% ] [90m[1m_update_scan_actions[22m | BushNightLL.png[39m[0m
[  25% ] [90m[1m_update_scan_actions[22m | CastleBush.png[39m[0m
[  25% ] [90m[1m_update_scan_actions[22m | CastleBushLL.png[39m[0m
[  25% ] [90m[1m_update_scan_actions[22m | CastleBushNight.png[39m[0m
[  25% ] [90m[1m_update_scan_actions[22m | CastleBushNightLL.png[39m[0m
[  25% ] [90m[1m_update_scan_actions[22m | CastleWaterBush.png[39m[0m
[  25% ] [90m[1m_update_scan_actions[22m | CastleWaterBushLL.png[39m[0m
[  25% ] [90m[1m_update_scan_actions[22m | CastleWaterBushNight.png[39m[0m
[  26% ] [90m[1m_update_scan_actions[22m | CastleWaterBushNightLL.png[39m[0m
[  26% ] [90m[1m_update_scan_actions[22m | DesertBush.png[39m[0m
[  26% ] [90m[1m_update_scan_actions[22m | DesertBushLL.png[39m[0m
[  26% ] [90m[1m_update_scan_actions[22m | DesertBushNight.png[39m[0m
[  26% ] [90m[1m_update_scan_actions[22m | DesertBushNightLL.png[39m[0m
[  26% ] [90m[1m_update_scan_actions[22m | GardenBush.png[39m[0m
[  26% ] [90m[1m_update_scan_actions[22m | GardenBushLL.png[39m[0m
[  26% ] [90m[1m_update_scan_actions[22m | GardenBushNight.png[39m[0m
[  26% ] [90m[1m_update_scan_actions[22m | GardenBushNightLL.png[39m[0m
[  27% ] [90m[1m_update_scan_actions[22m | GhostHouseBush.png[39m[0m
[  27% ] [90m[1m_update_scan_actions[22m | GhostHouseBushLL.png[39m[0m
[  27% ] [90m[1m_update_scan_actions[22m | JungleBush.png[39m[0m
[  27% ] [90m[1m_update_scan_actions[22m | JungleBushLL.png[39m[0m
[  27% ] [90m[1m_update_scan_actions[22m | SnowBush.png[39m[0m
[  27% ] [90m[1m_update_scan_actions[22m | SnowBushLL.png[39m[0m
[  27% ] [90m[1m_update_scan_actions[22m | SnowBushNight.png[39m[0m
[  27% ] [90m[1m_update_scan_actions[22m | SnowBushNightLL.png[39m[0m
[  27% ] [90m[1m_update_scan_actions[22m | SpaceBush.png[39m[0m
[  28% ] [90m[1m_update_scan_actions[22m | SpaceBushLL.png[39m[0m
[  28% ] [90m[1m_update_scan_actions[22m | UndergroundBush.png[39m[0m
[  28% ] [90m[1m_update_scan_actions[22m | UndergroundBushLL.png[39m[0m
[  28% ] [90m[1m_update_scan_actions[22m | UnderwaterBush.png[39m[0m
[  28% ] [90m[1m_update_scan_actions[22m | UnderwaterBushLL.png[39m[0m
[  28% ] [90m[1m_update_scan_actions[22m | UnderwaterBushNight.png[39m[0m
[  28% ] [90m[1m_update_scan_actions[22m | UnderwaterBushNightLL.png[39m[0m
[  28% ] [90m[1m_update_scan_actions[22m | VolcanoBush.png[39m[0m
[  28% ] [90m[1m_update_scan_actions[22m | VolcanoBushLL.png[39m[0m
[  29% ] [90m[1m_update_scan_actions[22m | Castle1.png[39m[0m
[  29% ] [90m[1m_update_scan_actions[22m | Castle2.png[39m[0m
[  29% ] [90m[1m_update_scan_actions[22m | Castle3.png[39m[0m
[  29% ] [90m[1m_update_scan_actions[22m | Castle.png[39m[0m
[  29% ] [90m[1m_update_scan_actions[22m | Results1.png[39m[0m
[  29% ] [90m[1m_update_scan_actions[22m | Results2.png[39m[0m
[  29% ] [90m[1m_update_scan_actions[22m | Results3.png[39m[0m
[  29% ] [90m[1m_update_scan_actions[22m | CloudOverlay.png[39m[0m
[  30% ] [90m[1m_update_scan_actions[22m | CloudOverlayLL.png[39m[0m
[  30% ] [90m[1m_update_scan_actions[22m | Default.png[39m[0m
[  30% ] [90m[1m_update_scan_actions[22m | Autumn.png[39m[0m
[  30% ] [90m[1m_update_scan_actions[22m | AutumnLL.png[39m[0m
[  30% ] [90m[1m_update_scan_actions[22m | AutumnNight.png[39m[0m
[  30% ] [90m[1m_update_scan_actions[22m | AutumnNightLL.png[39m[0m
[  30% ] [90m[1m_update_scan_actions[22m | BeachHills.png[39m[0m
[  30% ] [90m[1m_update_scan_actions[22m | BeachHillsNight.png[39m[0m
[  30% ] [90m[1m_update_scan_actions[22m | BeachLL.png[39m[0m
[  31% ] [90m[1m_update_scan_actions[22m | BeachNightLL.png[39m[0m
[  31% ] [90m[1m_update_scan_actions[22m | Bonus.png[39m[0m
[  31% ] [90m[1m_update_scan_actions[22m | BonusLL.png[39m[0m
[  31% ] [90m[1m_update_scan_actions[22m | Castle.png[39m[0m
[  31% ] [90m[1m_update_scan_actions[22m | CastleLL.png[39m[0m
[  31% ] [90m[1m_update_scan_actions[22m | CastleWater.png[39m[0m
[  31% ] [90m[1m_update_scan_actions[22m | CastleWaterLL.png[39m[0m
[  31% ] [90m[1m_update_scan_actions[22m | CastleWaterNight.png[39m[0m
[  31% ] [90m[1m_update_scan_actions[22m | CastleWaterNightLL.png[39m[0m
[  32% ] [90m[1m_update_scan_actions[22m | Desert.png[39m[0m
[  32% ] [90m[1m_update_scan_actions[22m | DesertLL.png[39m[0m
[  32% ] [90m[1m_update_scan_actions[22m | DesertLLNight.png[39m[0m
[  32% ] [90m[1m_update_scan_actions[22m | DesertNight.png[39m[0m
[  32% ] [90m[1m_update_scan_actions[22m | GardenHill.png[39m[0m
[  32% ] [90m[1m_update_scan_actions[22m | GardenHillLL.png[39m[0m
[  32% ] [90m[1m_update_scan_actions[22m | GardenHillNightLL.png[39m[0m
[  32% ] [90m[1m_update_scan_actions[22m | GardenNight.png[39m[0m
[  32% ] [90m[1m_update_scan_actions[22m | GhostHouse.png[39m[0m
[  33% ] [90m[1m_update_scan_actions[22m | GhostHouseLL.png[39m[0m
[  33% ] [90m[1m_update_scan_actions[22m | Jungle.png[39m[0m
[  33% ] [90m[1m_update_scan_actions[22m | JungleLL.png[39m[0m
[  33% ] [90m[1m_update_scan_actions[22m | Mountain.png[39m[0m
[  33% ] [90m[1m_update_scan_actions[22m | MountainLL.png[39m[0m
[  33% ] [90m[1m_update_scan_actions[22m | MountainNight.png[39m[0m
[  33% ] [90m[1m_update_scan_actions[22m | MountainNightLL.png[39m[0m
[  33% ] [90m[1m_update_scan_actions[22m | Overworld.png[39m[0m
[  33% ] [90m[1m_update_scan_actions[22m | OverworldAlt.png[39m[0m
[  34% ] [90m[1m_update_scan_actions[22m | OverworldANN.png[39m[0m
[  34% ] [90m[1m_update_scan_actions[22m | OverworldLL.png[39m[0m
[  34% ] [90m[1m_update_scan_actions[22m | OverworldNight.png[39m[0m
[  34% ] [90m[1m_update_scan_actions[22m | OverworldNightANN.png[39m[0m
[  34% ] [90m[1m_update_scan_actions[22m | OverworldNightLL.png[39m[0m
[  34% ] [90m[1m_update_scan_actions[22m | Pipeland.png[39m[0m
[  34% ] [90m[1m_update_scan_actions[22m | PipelandLL.png[39m[0m
[  34% ] [90m[1m_update_scan_actions[22m | PipelandLLNight.png[39m[0m
[  35% ] [90m[1m_update_scan_actions[22m | PipelandNight.png[39m[0m
[  35% ] [90m[1m_update_scan_actions[22m | Sky.png[39m[0m
[  35% ] [90m[1m_update_scan_actions[22m | SkyLL.png[39m[0m
[  35% ] [90m[1m_update_scan_actions[22m | SkyNight.png[39m[0m
[  35% ] [90m[1m_update_scan_actions[22m | SkyNightLL.png[39m[0m
[  35% ] [90m[1m_update_scan_actions[22m | Snow.png[39m[0m
[  35% ] [90m[1m_update_scan_actions[22m | SnowANN.png[39m[0m
[  35% ] [90m[1m_update_scan_actions[22m | SnowLL.png[39m[0m
[  35% ] [90m[1m_update_scan_actions[22m | SnowNight.png[39m[0m
[  36% ] [90m[1m_update_scan_actions[22m | SnowNightANN.png[39m[0m
[  36% ] [90m[1m_update_scan_actions[22m | SnowNightLL.png[39m[0m
[  36% ] [90m[1m_update_scan_actions[22m | Space.png[39m[0m
[  36% ] [90m[1m_update_scan_actions[22m | SpaceLL.png[39m[0m
[  36% ] [90m[1m_update_scan_actions[22m | SPCastle.png[39m[0m
[  36% ] [90m[1m_update_scan_actions[22m | Underground.png[39m[0m
[  36% ] [90m[1m_update_scan_actions[22m | UndergroundLL.png[39m[0m
[  36% ] [90m[1m_update_scan_actions[22m | Underwater.png[39m[0m
[  36% ] [90m[1m_update_scan_actions[22m | UnderwaterLL.png[39m[0m
[  37% ] [90m[1m_update_scan_actions[22m | UnderwaterNight.png[39m[0m
[  37% ] [90m[1m_update_scan_actions[22m | UnderwaterNightLL.png[39m[0m
[  37% ] [90m[1m_update_scan_actions[22m | Volcano.png[39m[0m
[  37% ] [90m[1m_update_scan_actions[22m | VolcanoLL.png[39m[0m
[  37% ] [90m[1m_update_scan_actions[22m | AirshipMushrooms.png[39m[0m
[  37% ] [90m[1m_update_scan_actions[22m | AirshipMushroomsLL.png[39m[0m
[  37% ] [90m[1m_update_scan_actions[22m | AirshipMushroomsNight.png[39m[0m
[  37% ] [90m[1m_update_scan_actions[22m | AirshipMushroomsNightLL.png[39m[0m
[  37% ] [90m[1m_update_scan_actions[22m | BeachMushrooms.png[39m[0m
[  38% ] [90m[1m_update_scan_actions[22m | BeachMushroomsLL.png[39m[0m
[  38% ] [90m[1m_update_scan_actions[22m | BeachMushroomsNight.png[39m[0m
[  38% ] [90m[1m_update_scan_actions[22m | BeachMushroomsNightLL.png[39m[0m
[  38% ] [90m[1m_update_scan_actions[22m | Mushrooms.png[39m[0m
[  38% ] [90m[1m_update_scan_actions[22m | MushroomsLL.png[39m[0m
[  38% ] [90m[1m_update_scan_actions[22m | MushroomsNight.png[39m[0m
[  38% ] [90m[1m_update_scan_actions[22m | MushroomsNightLL.png[39m[0m
[  38% ] [90m[1m_update_scan_actions[22m | SnowMushrooms.png[39m[0m
[  38% ] [90m[1m_update_scan_actions[22m | SnowMushroomsLL.png[39m[0m
[  39% ] [90m[1m_update_scan_actions[22m | SnowMushroomsNight.png[39m[0m
[  39% ] [90m[1m_update_scan_actions[22m | SnowMushroomsNightLL.png[39m[0m
[  39% ] [90m[1m_update_scan_actions[22m | UnderwaterMushrooms.png[39m[0m
[  39% ] [90m[1m_update_scan_actions[22m | UnderwaterMushroomsLL.png[39m[0m
[  39% ] [90m[1m_update_scan_actions[22m | UnderwaterMushroomsLLNight.png[39m[0m
[  39% ] [90m[1m_update_scan_actions[22m | UnderwaterMushroomsNight.png[39m[0m
[  39% ] [90m[1m_update_scan_actions[22m | VolcanoMushrooms.png[39m[0m
[  39% ] [90m[1m_update_scan_actions[22m | VolcanoMushroomsLL.png[39m[0m
[  40% ] [90m[1m_update_scan_actions[22m | AutumnNightTrees.png[39m[0m
[  40% ] [90m[1m_update_scan_actions[22m | AutumnNightTreesLL.png[39m[0m
[  40% ] [90m[1m_update_scan_actions[22m | AutumnTrees.png[39m[0m
[  40% ] [90m[1m_update_scan_actions[22m | AutumnTreesLL.png[39m[0m
[  40% ] [90m[1m_update_scan_actions[22m | BeachNightTrees.png[39m[0m
[  40% ] [90m[1m_update_scan_actions[22m | BeachNightTreesLL.png[39m[0m
[  40% ] [90m[1m_update_scan_actions[22m | BeachTrees.png[39m[0m
[  40% ] [90m[1m_update_scan_actions[22m | BeachTreesLL.png[39m[0m
[  40% ] [90m[1m_update_scan_actions[22m | BonusTrees.png[39m[0m
[  41% ] [90m[1m_update_scan_actions[22m | BonusTreesLL.png[39m[0m
[  41% ] [90m[1m_update_scan_actions[22m | BonusTreesNight.png[39m[0m
[  41% ] [90m[1m_update_scan_actions[22m | BonusTreesNightLL.png[39m[0m
[  41% ] [90m[1m_update_scan_actions[22m | CastleTrees.png[39m[0m
[  41% ] [90m[1m_update_scan_actions[22m | CastleTreesLL.png[39m[0m
[  41% ] [90m[1m_update_scan_actions[22m | CastleTreesNight.png[39m[0m
[  41% ] [90m[1m_update_scan_actions[22m | CastleTreesNightLL.png[39m[0m
[  41% ] [90m[1m_update_scan_actions[22m | JungleNightTrees.png[39m[0m
[  41% ] [90m[1m_update_scan_actions[22m | JungleNightTreesLL.png[39m[0m
[  42% ] [90m[1m_update_scan_actions[22m | JungleTrees.png[39m[0m
[  42% ] [90m[1m_update_scan_actions[22m | JungleTreesLL.png[39m[0m
[  42% ] [90m[1m_update_scan_actions[22m | NightTrees.png[39m[0m
[  42% ] [90m[1m_update_scan_actions[22m | NightTreesLL.png[39m[0m
[  42% ] [90m[1m_update_scan_actions[22m | SnowNightTrees.png[39m[0m
[  42% ] [90m[1m_update_scan_actions[22m | SnowNightTreesLL.png[39m[0m
[  42% ] [90m[1m_update_scan_actions[22m | SnowTrees.png[39m[0m
[  42% ] [90m[1m_update_scan_actions[22m | SnowTreesLL.png[39m[0m
[  42% ] [90m[1m_update_scan_actions[22m | SpaceTrees.png[39m[0m
[  43% ] [90m[1m_update_scan_actions[22m | SpaceTreesLL.png[39m[0m
[  43% ] [90m[1m_update_scan_actions[22m | Trees.png[39m[0m
[  43% ] [90m[1m_update_scan_actions[22m | TreesLL.png[39m[0m
[  43% ] [90m[1m_update_scan_actions[22m | UndergroundTrees.png[39m[0m
[  43% ] [90m[1m_update_scan_actions[22m | UndergroundTreesLL.png[39m[0m
[  43% ] [90m[1m_update_scan_actions[22m | UnderwaterTrees.png[39m[0m
[  43% ] [90m[1m_update_scan_actions[22m | UnderwaterTreesLL.png[39m[0m
[  43% ] [90m[1m_update_scan_actions[22m | UnderwaterTreesLLNight.png[39m[0m
[  43% ] [90m[1m_update_scan_actions[22m | UnderwaterTreesNight.png[39m[0m
[  44% ] [90m[1m_update_scan_actions[22m | VolcanoTrees.png[39m[0m
[  44% ] [90m[1m_update_scan_actions[22m | VolcanoTreesLL.png[39m[0m
[  44% ] [90m[1m_update_scan_actions[22m | AutumnSky.png[39m[0m
[  44% ] [90m[1m_update_scan_actions[22m | AutumnSkyLL.png[39m[0m
[  44% ] [90m[1m_update_scan_actions[22m | BeachSky.png[39m[0m
[  44% ] [90m[1m_update_scan_actions[22m | BeachSkyLL.png[39m[0m
[  44% ] [90m[1m_update_scan_actions[22m | DaySky.png[39m[0m
[  44% ] [90m[1m_update_scan_actions[22m | DaySkyLL.png[39m[0m
[  45% ] [90m[1m_update_scan_actions[22m | NightStars.png[39m[0m
[  45% ] [90m[1m_update_scan_actions[22m | SnowNightStars.png[39m[0m
[  45% ] [90m[1m_update_scan_actions[22m | SnowSkyLL.png[39m[0m
[  45% ] [90m[1m_update_scan_actions[22m | SpaceStars.png[39m[0m
[  45% ] [90m[1m_update_scan_actions[22m | TheVoid.png[39m[0m
[  45% ] [90m[1m_update_scan_actions[22m | TheVoidLL.png[39m[0m
[  45% ] [90m[1m_update_scan_actions[22m | VolcanoSky.png[39m[0m
[  45% ] [90m[1m_update_scan_actions[22m | VolcanoSkyLL.png[39m[0m
[  45% ] [90m[1m_update_scan_actions[22m | BeachWater.png[39m[0m
[  46% ] [90m[1m_update_scan_actions[22m | BooMenuBG.png[39m[0m
[  46% ] [90m[1m_update_scan_actions[22m | ChallengeCastleResults.png[39m[0m
[  46% ] [90m[1m_update_scan_actions[22m | ChallengeResults.png[39m[0m
[  46% ] [90m[1m_update_scan_actions[22m | DiscoToadOverlay.png[39m[0m
[  46% ] [90m[1m_update_scan_actions[22m | Lighting.png[39m[0m
[  46% ] [90m[1m_update_scan_actions[22m | RaceGrid.png[39m[0m
[  46% ] [90m[1m_update_scan_actions[22m | SpotLight.png[39m[0m
[  46% ] [90m[1m_update_scan_actions[22m | BooOnOffBlock.png[39m[0m
[  46% ] [90m[1m_update_scan_actions[22m | BooOnOffSwitch.png[39m[0m
[  47% ] [90m[1m_update_scan_actions[22m | Bumper.png[39m[0m
[  47% ] [90m[1m_update_scan_actions[22m | Burner.png[39m[0m
[  47% ] [90m[1m_update_scan_actions[22m | BurnerFlame.png[39m[0m
[  47% ] [90m[1m_update_scan_actions[22m | Cannon.png[39m[0m
[  47% ] [90m[1m_update_scan_actions[22m | ConveyorBelt.png[39m[0m
[  47% ] [90m[1m_update_scan_actions[22m | ConveyorBeltSpecial.png[39m[0m
[  47% ] [90m[1m_update_scan_actions[22m | DeathBlock.png[39m[0m
[  47% ] [90m[1m_update_scan_actions[22m | DonutBlock.png[39m[0m
[  47% ] [90m[1m_update_scan_actions[22m | Fan.png[39m[0m
[  48% ] [90m[1m_update_scan_actions[22m | FireBar.png[39m[0m
[  48% ] [90m[1m_update_scan_actions[22m | InvisibleBlock.png[39m[0m
[  48% ] [90m[1m_update_scan_actions[22m | MusicBlock.png[39m[0m
[  48% ] [90m[1m_update_scan_actions[22m | NoteBlock.png[39m[0m
[  48% ] [90m[1m_update_scan_actions[22m | OnOffBlock.png[39m[0m
[  48% ] [90m[1m_update_scan_actions[22m | OnOffConveyorBelt.png[39m[0m
[  48% ] [90m[1m_update_scan_actions[22m | OnOffConveyorBeltSpecial.png[39m[0m
[  48% ] [90m[1m_update_scan_actions[22m | OnOffFan.png[39m[0m
[  48% ] [90m[1m_update_scan_actions[22m | OnOffSwitch.png[39m[0m
[  49% ] [90m[1m_update_scan_actions[22m | PSwitchBlock.png[39m[0m
[  49% ] [90m[1m_update_scan_actions[22m | QuestionBlock.png[39m[0m
[  49% ] [90m[1m_update_scan_actions[22m | SpikeBlock.png[39m[0m
[  49% ] [90m[1m_update_scan_actions[22m | SpringBlock.png[39m[0m
[  49% ] [90m[1m_update_scan_actions[22m | SuperSpringBlock.png[39m[0m
[  49% ] [90m[1m_update_scan_actions[22m | SuperTrampoline.png[39m[0m
[  49% ] [90m[1m_update_scan_actions[22m | SwitchSpike.png[39m[0m
[  49% ] [90m[1m_update_scan_actions[22m | TimedBooBlock.png[39m[0m
[  50% ] [90m[1m_update_scan_actions[22m | Trampoline.png[39m[0m
[  50% ] [90m[1m_update_scan_actions[22m | TrickBlock.png[39m[0m
[  50% ] [90m[1m_update_scan_actions[22m | TurnBlock.png[39m[0m
[  50% ] [90m[1m_update_scan_actions[22m | Falling.png[39m[0m
[  50% ] [90m[1m_update_scan_actions[22m | SideToSideHori.png[39m[0m
[  50% ] [90m[1m_update_scan_actions[22m | SideToSideVerrt.png[39m[0m
[  50% ] [90m[1m_update_scan_actions[22m | BillCannon.png[39m[0m
[  50% ] [90m[1m_update_scan_actions[22m | Block.svg[39m[0m
[  50% ] [90m[1m_update_scan_actions[22m | BooBuddiesIcon.png[39m[0m
[  51% ] [90m[1m_update_scan_actions[22m | BowserFlameGenerator.png[39m[0m
[  51% ] [90m[1m_update_scan_actions[22m | BulletBillGenerator.png[39m[0m
[  51% ] [90m[1m_update_scan_actions[22m | CameraLock.png[39m[0m
[  51% ] [90m[1m_update_scan_actions[22m | CheepCheepGenerator.png[39m[0m
[  51% ] [90m[1m_update_scan_actions[22m | CheepCheepSideGenerator.png[39m[0m
[  51% ] [90m[1m_update_scan_actions[22m | ChunkDisplay.png[39m[0m
[  51% ] [90m[1m_update_scan_actions[22m | Enemy.svg[39m[0m
[  51% ] [90m[1m_update_scan_actions[22m | FireBar.png[39m[0m
[  51% ] [90m[1m_update_scan_actions[22m | GeneratorStop.png[39m[0m
[  52% ] [90m[1m_update_scan_actions[22m | GhostTile.png[39m[0m
[  52% ] [90m[1m_update_scan_actions[22m | GravityInverter.png[39m[0m
[  52% ] [90m[1m_update_scan_actions[22m | LargeCastle.png[39m[0m
[  52% ] [90m[1m_update_scan_actions[22m | Level.svg[39m[0m
[  52% ] [90m[1m_update_scan_actions[22m | MoonGravity.png[39m[0m
[  52% ] [90m[1m_update_scan_actions[22m | NoteBlockNotes.png[39m[0m
[  52% ] [90m[1m_update_scan_actions[22m | Pipe.svg[39m[0m
[  52% ] [90m[1m_update_scan_actions[22m | PipeArea.png[39m[0m
[  52% ] [90m[1m_update_scan_actions[22m | PipeDirections.png[39m[0m
[  53% ] [90m[1m_update_scan_actions[22m | PipeGenerator.png[39m[0m
[  53% ] [90m[1m_update_scan_actions[22m | PipeSmall.png[39m[0m
[  53% ] [90m[1m_update_scan_actions[22m | PlayerStartMarker.png[39m[0m
[  53% ] [90m[1m_update_scan_actions[22m | RotationIcon.png[39m[0m
[  53% ] [90m[1m_update_scan_actions[22m | ScrollerIcon.png[39m[0m
[  53% ] [90m[1m_update_scan_actions[22m | SmallCastle.png[39m[0m
[  53% ] [90m[1m_update_scan_actions[22m | TerrainIcon.png[39m[0m
[  53% ] [90m[1m_update_scan_actions[22m | TextLabel.png[39m[0m
[  53% ] [90m[1m_update_scan_actions[22m | TrackRider.png[39m[0m
[  54% ] [90m[1m_update_scan_actions[22m | WindGenerator.png[39m[0m
[  54% ] [90m[1m_update_scan_actions[22m | Barrel.png[39m[0m
[  54% ] [90m[1m_update_scan_actions[22m | Blooper.png[39m[0m
[  54% ] [90m[1m_update_scan_actions[22m | BobOmb.png[39m[0m
[  54% ] [90m[1m_update_scan_actions[22m | Boo.png[39m[0m
[  54% ] [90m[1m_update_scan_actions[22m | BooBuddy.png[39m[0m
[  54% ] [90m[1m_update_scan_actions[22m | Bowser.png[39m[0m
[  54% ] [90m[1m_update_scan_actions[22m | BowsersBro.png[39m[0m
[  55% ] [90m[1m_update_scan_actions[22m | BulletBill.png[39m[0m
[  55% ] [90m[1m_update_scan_actions[22m | BuzzyBeetle.png[39m[0m
[  55% ] [90m[1m_update_scan_actions[22m | CannonBall.png[39m[0m
[  55% ] [90m[1m_update_scan_actions[22m | CheepCheep.png[39m[0m
[  55% ] [90m[1m_update_scan_actions[22m | DiscoGoomba.png[39m[0m
[  55% ] [90m[1m_update_scan_actions[22m | DiscoPiranha.png[39m[0m
[  55% ] [90m[1m_update_scan_actions[22m | DryBones.png[39m[0m
[  55% ] [90m[1m_update_scan_actions[22m | FighterFly.png[39m[0m
[  55% ] [90m[1m_update_scan_actions[22m | Fireball.png[39m[0m
[  56% ] [90m[1m_update_scan_actions[22m | Goomba.png[39m[0m
[  56% ] [90m[1m_update_scan_actions[22m | Goombrat.png[39m[0m
[  56% ] [90m[1m_update_scan_actions[22m | Grinder.png[39m[0m
[  56% ] [90m[1m_update_scan_actions[22m | HammerBro.png[39m[0m
[  56% ] [90m[1m_update_scan_actions[22m | Icicle.png[39m[0m
[  56% ] [90m[1m_update_scan_actions[22m | KoopaTroopa.png[39m[0m
[  56% ] [90m[1m_update_scan_actions[22m | Lakitu.png[39m[0m
[  56% ] [90m[1m_update_scan_actions[22m | LakituCloud.png[39m[0m
[  56% ] [90m[1m_update_scan_actions[22m | MontyMole.png[39m[0m
[  57% ] [90m[1m_update_scan_actions[22m | Muncher.png[39m[0m
[  57% ] [90m[1m_update_scan_actions[22m | PiranhaPlant.png[39m[0m
[  57% ] [90m[1m_update_scan_actions[22m | Podoboo.png[39m[0m
[  57% ] [90m[1m_update_scan_actions[22m | Pokey.png[39m[0m
[  57% ] [90m[1m_update_scan_actions[22m | RaceBoo.png[39m[0m
[  57% ] [90m[1m_update_scan_actions[22m | RedPiranhaPlant.png[39m[0m
[  57% ] [90m[1m_update_scan_actions[22m | RockyWrench.png[39m[0m
[  57% ] [90m[1m_update_scan_actions[22m | SideStepper.png[39m[0m
[  57% ] [90m[1m_update_scan_actions[22m | Sigebou.png[39m[0m
[  58% ] [90m[1m_update_scan_actions[22m | Spike.png[39m[0m
[  58% ] [90m[1m_update_scan_actions[22m | Spiny.png[39m[0m
[  58% ] [90m[1m_update_scan_actions[22m | TestRaceBoo.png[39m[0m
[  58% ] [90m[1m_update_scan_actions[22m | Thwomp.png[39m[0m
[  58% ] [90m[1m_update_scan_actions[22m | 1UP.png[39m[0m
[  58% ] [90m[1m_update_scan_actions[22m | BlueCoin.png[39m[0m
[  58% ] [90m[1m_update_scan_actions[22m | BowserFlame.png[39m[0m
[  58% ] [90m[1m_update_scan_actions[22m | BridgeAxe.png[39m[0m
[  58% ] [90m[1m_update_scan_actions[22m | CheckpointFlag.png[39m[0m
[  59% ] [90m[1m_update_scan_actions[22m | Clock.png[39m[0m
[  59% ] [90m[1m_update_scan_actions[22m | DiscoAxe.png[39m[0m
[  59% ] [90m[1m_update_scan_actions[22m | DiscoStar.png[39m[0m
[  59% ] [90m[1m_update_scan_actions[22m | Fireball.png[39m[0m
[  59% ] [90m[1m_update_scan_actions[22m | FireFlower.png[39m[0m
[  59% ] [90m[1m_update_scan_actions[22m | FireFlowerSpecial.png[39m[0m
[  59% ] [90m[1m_update_scan_actions[22m | Hammer.png[39m[0m
[  59% ] [90m[1m_update_scan_actions[22m | Key.png[39m[0m
[  60% ] [90m[1m_update_scan_actions[22m | LostLevelsDoor.png[39m[0m
[  60% ] [90m[1m_update_scan_actions[22m | PoisonMushroom.png[39m[0m
[  60% ] [90m[1m_update_scan_actions[22m | PoisonMushroomLL.png[39m[0m
[  60% ] [90m[1m_update_scan_actions[22m | PSwitch.png[39m[0m
[  60% ] [90m[1m_update_scan_actions[22m | RedCoin.png[39m[0m
[  60% ] [90m[1m_update_scan_actions[22m | SpikeBall.png[39m[0m
[  60% ] [90m[1m_update_scan_actions[22m | SpinningCoin.png[39m[0m
[  60% ] [90m[1m_update_scan_actions[22m | SPItems.png[39m[0m
[  60% ] [90m[1m_update_scan_actions[22m | StaticCoin.png[39m[0m
[  61% ] [90m[1m_update_scan_actions[22m | SuperMushroom.png[39m[0m
[  61% ] [90m[1m_update_scan_actions[22m | SuperStar.png[39m[0m
[  61% ] [90m[1m_update_scan_actions[22m | Vine.png[39m[0m
[  61% ] [90m[1m_update_scan_actions[22m | Wings.png[39m[0m
[  61% ] [90m[1m_update_scan_actions[22m | WrenchProjectile.png[39m[0m
[  61% ] [90m[1m_update_scan_actions[22m | YoshiEgg.png[39m[0m
[  61% ] [90m[1m_update_scan_actions[22m | AutumnLeaves.png[39m[0m
[  61% ] [90m[1m_update_scan_actions[22m | BarrelDestructionParticle.png[39m[0m
[  61% ] [90m[1m_update_scan_actions[22m | BlueCoinSparkle.png[39m[0m
[  62% ] [90m[1m_update_scan_actions[22m | BridgeDestructionParticle.png[39m[0m
[  62% ] [90m[1m_update_scan_actions[22m | Bubble.png[39m[0m
[  62% ] [90m[1m_update_scan_actions[22m | CoinSparkle.png[39m[0m
[  62% ] [90m[1m_update_scan_actions[22m | DesertWind.png[39m[0m
[  62% ] [90m[1m_update_scan_actions[22m | DryBonesDestructionParticles.png[39m[0m
[  62% ] [90m[1m_update_scan_actions[22m | FireballExplosion.png[39m[0m
[  62% ] [90m[1m_update_scan_actions[22m | FireWind.png[39m[0m
[  62% ] [90m[1m_update_scan_actions[22m | Firework.png[39m[0m
[  62% ] [90m[1m_update_scan_actions[22m | FlipBlockDestructionParticles.png[39m[0m
[  63% ] [90m[1m_update_scan_actions[22m | GoldParticles.png[39m[0m
[  63% ] [90m[1m_update_scan_actions[22m | IcicleDestructionParticles.png[39m[0m
[  63% ] [90m[1m_update_scan_actions[22m | LakituCloudBurst.png[39m[0m
[  63% ] [90m[1m_update_scan_actions[22m | Leaves.png[39m[0m
[  63% ] [90m[1m_update_scan_actions[22m | MusicNotes.png[39m[0m
[  63% ] [90m[1m_update_scan_actions[22m | PRankParticles.png[39m[0m
[  63% ] [90m[1m_update_scan_actions[22m | QuestionBlockDestructionParticles.png[39m[0m
[  63% ] [90m[1m_update_scan_actions[22m | RankParticles.png[39m[0m
[  63% ] [90m[1m_update_scan_actions[22m | RedCoinSparkle.png[39m[0m
[  64% ] [90m[1m_update_scan_actions[22m | ShadowColours.png[39m[0m
[  64% ] [90m[1m_update_scan_actions[22m | SkidParticles.png[39m[0m
[  64% ] [90m[1m_update_scan_actions[22m | Smoke.png[39m[0m
[  64% ] [90m[1m_update_scan_actions[22m | Snow.png[39m[0m
[  64% ] [90m[1m_update_scan_actions[22m | SnowWind.png[39m[0m
[  64% ] [90m[1m_update_scan_actions[22m | SpikeBallDestructionParticles.png[39m[0m
[  64% ] [90m[1m_update_scan_actions[22m | SRankParticles.png[39m[0m
[  64% ] [90m[1m_update_scan_actions[22m | WaterWind.png[39m[0m
[  65% ] [90m[1m_update_scan_actions[22m | YoshiEggShell.png[39m[0m
[  65% ] [90m[1m_update_scan_actions[22m | Autumn.png[39m[0m
[  65% ] [90m[1m_update_scan_actions[22m | Beach.png[39m[0m
[  65% ] [90m[1m_update_scan_actions[22m | Castle.png[39m[0m
[  65% ] [90m[1m_update_scan_actions[22m | Desert.png[39m[0m
[  65% ] [90m[1m_update_scan_actions[22m | InvinciblePalette.png[39m[0m
[  65% ] [90m[1m_update_scan_actions[22m | Jungle.png[39m[0m
[  65% ] [90m[1m_update_scan_actions[22m | Mountain.png[39m[0m
[  65% ] [90m[1m_update_scan_actions[22m | Overworld.png[39m[0m
[  66% ] [90m[1m_update_scan_actions[22m | Snow.png[39m[0m
[  66% ] [90m[1m_update_scan_actions[22m | Space.png[39m[0m
[  66% ] [90m[1m_update_scan_actions[22m | Underground.png[39m[0m
[  66% ] [90m[1m_update_scan_actions[22m | Underwater.png[39m[0m
[  66% ] [90m[1m_update_scan_actions[22m | Volcano.png[39m[0m
[  66% ] [90m[1m_update_scan_actions[22m | Big.png[39m[0m
[  66% ] [90m[1m_update_scan_actions[22m | CharacterColour.png[39m[0m
[  66% ] [90m[1m_update_scan_actions[22m | CheckpointFlag.png[39m[0m
[  66% ] [90m[1m_update_scan_actions[22m | ColourPalette.png[39m[0m
[  67% ] [90m[1m_update_scan_actions[22m | Fire.png[39m[0m
[  67% ] [90m[1m_update_scan_actions[22m | LifeIcon.png[39m[0m
[  67% ] [90m[1m_update_scan_actions[22m | Small.png[39m[0m
[  67% ] [90m[1m_update_scan_actions[22m | Big.png[39m[0m
[  67% ] [90m[1m_update_scan_actions[22m | CharacterColour.png[39m[0m
[  67% ] [90m[1m_update_scan_actions[22m | CheckpointFlag.png[39m[0m
[  67% ] [90m[1m_update_scan_actions[22m | ColourPalette.png[39m[0m
[  67% ] [90m[1m_update_scan_actions[22m | Fire.png[39m[0m
[  67% ] [90m[1m_update_scan_actions[22m | LifeIcon.png[39m[0m
[  68% ] [90m[1m_update_scan_actions[22m | Small.png[39m[0m
[  68% ] [90m[1m_update_scan_actions[22m | Big.png[39m[0m
[  68% ] [90m[1m_update_scan_actions[22m | CharacterColour.png[39m[0m
[  68% ] [90m[1m_update_scan_actions[22m | CheckpointFlag.png[39m[0m
[  68% ] [90m[1m_update_scan_actions[22m | ColourPalette.png[39m[0m
[  68% ] [90m[1m_update_scan_actions[22m | Fire.png[39m[0m
[  68% ] [90m[1m_update_scan_actions[22m | LifeIcon.png[39m[0m
[  68% ] [90m[1m_update_scan_actions[22m | Small.png[39m[0m
[  68% ] [90m[1m_update_scan_actions[22m | Big.png[39m[0m
[  69% ] [90m[1m_update_scan_actions[22m | CharacterColour.png[39m[0m
[  69% ] [90m[1m_update_scan_actions[22m | CheckpointFlag.png[39m[0m
[  69% ] [90m[1m_update_scan_actions[22m | ColourPalette.png[39m[0m
[  69% ] [90m[1m_update_scan_actions[22m | Fire.png[39m[0m
[  69% ] [90m[1m_update_scan_actions[22m | LifeIcon.png[39m[0m
[  69% ] [90m[1m_update_scan_actions[22m | Small.png[39m[0m
[  69% ] [90m[1m_update_scan_actions[22m | DiscoNPCs.png[39m[0m
[  69% ] [90m[1m_update_scan_actions[22m | Peach.png[39m[0m
[  70% ] [90m[1m_update_scan_actions[22m | ToadNPC.png[39m[0m
[  70% ] [90m[1m_update_scan_actions[22m | ToadNPCLL.png[39m[0m
[  70% ] [90m[1m_update_scan_actions[22m | ToadNPCSP.png[39m[0m
[  70% ] [90m[1m_update_scan_actions[22m | Yoshi.png[39m[0m
[  70% ] [90m[1m_update_scan_actions[22m | AirshipDeco.png[39m[0m
[  70% ] [90m[1m_update_scan_actions[22m | AirshipDecoLL.png[39m[0m
[  70% ] [90m[1m_update_scan_actions[22m | AutumnDeco.png[39m[0m
[  70% ] [90m[1m_update_scan_actions[22m | AutumnDecoLL.png[39m[0m
[  70% ] [90m[1m_update_scan_actions[22m | BeachDeco.png[39m[0m
[  71% ] [90m[1m_update_scan_actions[22m | BeachDecoLL.png[39m[0m
[  71% ] [90m[1m_update_scan_actions[22m | BonusDeco.png[39m[0m
[  71% ] [90m[1m_update_scan_actions[22m | BonusDecoLL.png[39m[0m
[  71% ] [90m[1m_update_scan_actions[22m | CastleDeco.png[39m[0m
[  71% ] [90m[1m_update_scan_actions[22m | CastleDecoLL.png[39m[0m
[  71% ] [90m[1m_update_scan_actions[22m | CastleWaterDeco.png[39m[0m
[  71% ] [90m[1m_update_scan_actions[22m | CastleWaterLLDeco.png[39m[0m
[  71% ] [90m[1m_update_scan_actions[22m | DecoTemplate.png[39m[0m
[  71% ] [90m[1m_update_scan_actions[22m | DesertDeco.png[39m[0m
[  72% ] [90m[1m_update_scan_actions[22m | DesertDecoANN.png[39m[0m
[  72% ] [90m[1m_update_scan_actions[22m | DesertDecoLL.png[39m[0m
[  72% ] [90m[1m_update_scan_actions[22m | GardenDeco.png[39m[0m
[  72% ] [90m[1m_update_scan_actions[22m | GardenDecoLL.png[39m[0m
[  72% ] [90m[1m_update_scan_actions[22m | GhostHouseDeco.png[39m[0m
[  72% ] [90m[1m_update_scan_actions[22m | GhostHouseDecoLL.png[39m[0m
[  72% ] [90m[1m_update_scan_actions[22m | JungleDeco.png[39m[0m
[  72% ] [90m[1m_update_scan_actions[22m | JungleDecoANN.png[39m[0m
[  72% ] [90m[1m_update_scan_actions[22m | JungleDecoLL.png[39m[0m
[  73% ] [90m[1m_update_scan_actions[22m | MountainDeco.png[39m[0m
[  73% ] [90m[1m_update_scan_actions[22m | MountainDecoLL.png[39m[0m
[  73% ] [90m[1m_update_scan_actions[22m | OverworldDeco.png[39m[0m
[  73% ] [90m[1m_update_scan_actions[22m | OverworldDecoANN.png[39m[0m
[  73% ] [90m[1m_update_scan_actions[22m | OverworldDecoLL.png[39m[0m
[  73% ] [90m[1m_update_scan_actions[22m | PipeLandDeco.png[39m[0m
[  73% ] [90m[1m_update_scan_actions[22m | SkyDeco.png[39m[0m
[  73% ] [90m[1m_update_scan_actions[22m | SkyDecoLL.png[39m[0m
[  73% ] [90m[1m_update_scan_actions[22m | SnowDeco.png[39m[0m
[  74% ] [90m[1m_update_scan_actions[22m | SnowDecoANN.png[39m[0m
[  74% ] [90m[1m_update_scan_actions[22m | SnowDecoLL.png[39m[0m
[  74% ] [90m[1m_update_scan_actions[22m | SpaceDeco.png[39m[0m
[  74% ] [90m[1m_update_scan_actions[22m | UndergroundDeco.png[39m[0m
[  74% ] [90m[1m_update_scan_actions[22m | UndergroundDecoANN.png[39m[0m
[  74% ] [90m[1m_update_scan_actions[22m | UndergroundDecoLL.png[39m[0m
[  74% ] [90m[1m_update_scan_actions[22m | UnderwaterDeco.png[39m[0m
[  74% ] [90m[1m_update_scan_actions[22m | VolcanoDeco.png[39m[0m
[  75% ] [90m[1m_update_scan_actions[22m | VolcanoDecoLL.png[39m[0m
[  75% ] [90m[1m_update_scan_actions[22m | Airship.png[39m[0m
[  75% ] [90m[1m_update_scan_actions[22m | AirshipLL.png[39m[0m
[  75% ] [90m[1m_update_scan_actions[22m | Autumn.png[39m[0m
[  75% ] [90m[1m_update_scan_actions[22m | AutumnLL.png[39m[0m
[  75% ] [90m[1m_update_scan_actions[22m | Beach.png[39m[0m
[  75% ] [90m[1m_update_scan_actions[22m | BeachLL.png[39m[0m
[  75% ] [90m[1m_update_scan_actions[22m | BeachSP.png[39m[0m
[  75% ] [90m[1m_update_scan_actions[22m | Bonus.png[39m[0m
[  76% ] [90m[1m_update_scan_actions[22m | BonusLL.png[39m[0m
[  76% ] [90m[1m_update_scan_actions[22m | Castle.png[39m[0m
[  76% ] [90m[1m_update_scan_actions[22m | CastleANN.png[39m[0m
[  76% ] [90m[1m_update_scan_actions[22m | CastleLL.png[39m[0m
[  76% ] [90m[1m_update_scan_actions[22m | CastleWater.png[39m[0m
[  76% ] [90m[1m_update_scan_actions[22m | CastleWaterANN.png[39m[0m
[  76% ] [90m[1m_update_scan_actions[22m | CastleWaterLL.png[39m[0m
[  76% ] [90m[1m_update_scan_actions[22m | CastleWaterSP.png[39m[0m
[  76% ] [90m[1m_update_scan_actions[22m | Desert.png[39m[0m
[  77% ] [90m[1m_update_scan_actions[22m | DesertANN.png[39m[0m
[  77% ] [90m[1m_update_scan_actions[22m | DesertLL.png[39m[0m
[  77% ] [90m[1m_update_scan_actions[22m | DesertSP.png[39m[0m
[  77% ] [90m[1m_update_scan_actions[22m | Garden.png[39m[0m
[  77% ] [90m[1m_update_scan_actions[22m | GardenLL.png[39m[0m
[  77% ] [90m[1m_update_scan_actions[22m | GardenSP.png[39m[0m
[  77% ] [90m[1m_update_scan_actions[22m | GhostHouse.png[39m[0m
[  77% ] [90m[1m_update_scan_actions[22m | GhostHouseLL.png[39m[0m
[  77% ] [90m[1m_update_scan_actions[22m | Jungle.png[39m[0m
[  78% ] [90m[1m_update_scan_actions[22m | JungleANN.png[39m[0m
[  78% ] [90m[1m_update_scan_actions[22m | JungleLL.png[39m[0m
[  78% ] [90m[1m_update_scan_actions[22m | Mountain.png[39m[0m
[  78% ] [90m[1m_update_scan_actions[22m | MountainLL.png[39m[0m
[  78% ] [90m[1m_update_scan_actions[22m | Overworld.png[39m[0m
[  78% ] [90m[1m_update_scan_actions[22m | OverworldANN.png[39m[0m
[  78% ] [90m[1m_update_scan_actions[22m | OverworldLL.png[39m[0m
[  78% ] [90m[1m_update_scan_actions[22m | PipeLand.png[39m[0m
[  78% ] [90m[1m_update_scan_actions[22m | PipeLandLL.png[39m[0m
[  79% ] [90m[1m_update_scan_actions[22m | Sky.png[39m[0m
[  79% ] [90m[1m_update_scan_actions[22m | SkyLL.png[39m[0m
[  79% ] [90m[1m_update_scan_actions[22m | Snow.png[39m[0m
[  79% ] [90m[1m_update_scan_actions[22m | SnowANN.png[39m[0m
[  79% ] [90m[1m_update_scan_actions[22m | SnowLL.png[39m[0m
[  79% ] [90m[1m_update_scan_actions[22m | Space.png[39m[0m
[  79% ] [90m[1m_update_scan_actions[22m | SpaceANN.png[39m[0m
[  79% ] [90m[1m_update_scan_actions[22m | SpaceLL.png[39m[0m
[  80% ] [90m[1m_update_scan_actions[22m | SpaceSP.png[39m[0m
[  80% ] [90m[1m_update_scan_actions[22m | TerrainTemplate.png[39m[0m
[  80% ] [90m[1m_update_scan_actions[22m | Underground.png[39m[0m
[  80% ] [90m[1m_update_scan_actions[22m | UndergroundANN.png[39m[0m
[  80% ] [90m[1m_update_scan_actions[22m | UndergroundLL.png[39m[0m
[  80% ] [90m[1m_update_scan_actions[22m | Underwater.png[39m[0m
[  80% ] [90m[1m_update_scan_actions[22m | UnderwaterANN.png[39m[0m
[  80% ] [90m[1m_update_scan_actions[22m | UnderwaterLL.png[39m[0m
[  80% ] [90m[1m_update_scan_actions[22m | UnderwaterSP.png[39m[0m
[  81% ] [90m[1m_update_scan_actions[22m | Volcano.png[39m[0m
[  81% ] [90m[1m_update_scan_actions[22m | VolcanoLL.png[39m[0m
[  81% ] [90m[1m_update_scan_actions[22m | VolcanoSP.png[39m[0m
[  81% ] [90m[1m_update_scan_actions[22m | CastleFlag.png[39m[0m
[  81% ] [90m[1m_update_scan_actions[22m | ChallengeCastleEnd.png[39m[0m
[  81% ] [90m[1m_update_scan_actions[22m | ChallengeResults.png[39m[0m
[  81% ] [90m[1m_update_scan_actions[22m | CloudPlatform.png[39m[0m
[  81% ] [90m[1m_update_scan_actions[22m | Doors.png[39m[0m
[  81% ] [90m[1m_update_scan_actions[22m | DottedLine.png[39m[0m
[  82% ] [90m[1m_update_scan_actions[22m | EdgeConnectionTile.png[39m[0m
[  82% ] [90m[1m_update_scan_actions[22m | EndingCastleSprite.png[39m[0m
[  82% ] [90m[1m_update_scan_actions[22m | EndingFinalCastleSprite.png[39m[0m
[  82% ] [90m[1m_update_scan_actions[22m | Flag.png[39m[0m
[  82% ] [90m[1m_update_scan_actions[22m | FlagPole.png[39m[0m
[  82% ] [90m[1m_update_scan_actions[22m | InvisibleTracks.png[39m[0m
[  82% ] [90m[1m_update_scan_actions[22m | Liquids.png[39m[0m
[  82% ] [90m[1m_update_scan_actions[22m | LLEnding.png[39m[0m
[  82% ] [90m[1m_update_scan_actions[22m | LLPlatform.png[39m[0m
[  83% ] [90m[1m_update_scan_actions[22m | LockedDoors.png[39m[0m
[  83% ] [90m[1m_update_scan_actions[22m | NightLiquids.png[39m[0m
[  83% ] [90m[1m_update_scan_actions[22m | OnOffPlatform.png[39m[0m
[  83% ] [90m[1m_update_scan_actions[22m | PDoors.png[39m[0m
[  83% ] [90m[1m_update_scan_actions[22m | Platform.png[39m[0m
[  83% ] [90m[1m_update_scan_actions[22m | Tracks.png[39m[0m
[  83% ] [90m[1m_update_scan_actions[22m | VerticalDottedLine.png[39m[0m
[  83% ] [90m[1m_update_scan_actions[22m | 1.png[39m[0m
[  83% ] [90m[1m_update_scan_actions[22m | 2.png[39m[0m
[  84% ] [90m[1m_update_scan_actions[22m | 3.png[39m[0m
[  84% ] [90m[1m_update_scan_actions[22m | 4.png[39m[0m
[  84% ] [90m[1m_update_scan_actions[22m | 5.png[39m[0m
[  84% ] [90m[1m_update_scan_actions[22m | 6.png[39m[0m
[  84% ] [90m[1m_update_scan_actions[22m | 7.png[39m[0m
[  84% ] [90m[1m_update_scan_actions[22m | 8.png[39m[0m
[  84% ] [90m[1m_update_scan_actions[22m | 9.png[39m[0m
[  84% ] [90m[1m_update_scan_actions[22m | DayLevelIcons.png[39m[0m
[  85% ] [90m[1m_update_scan_actions[22m | LockedLevelIcon.png[39m[0m
[  85% ] [90m[1m_update_scan_actions[22m | NightLevelIcons.png[39m[0m
[  85% ] [90m[1m_update_scan_actions[22m | A.png[39m[0m
[  85% ] [90m[1m_update_scan_actions[22m | AHeld.png[39m[0m
[  85% ] [90m[1m_update_scan_actions[22m | B.png[39m[0m
[  85% ] [90m[1m_update_scan_actions[22m | BHeld.png[39m[0m
[  85% ] [90m[1m_update_scan_actions[22m | Down.png[39m[0m
[  85% ] [90m[1m_update_scan_actions[22m | DownHeld.png[39m[0m
[  85% ] [90m[1m_update_scan_actions[22m | Left.png[39m[0m
[  86% ] [90m[1m_update_scan_actions[22m | LeftHeld.png[39m[0m
[  86% ] [90m[1m_update_scan_actions[22m | Right.png[39m[0m
[  86% ] [90m[1m_update_scan_actions[22m | RightHeld.png[39m[0m
[  86% ] [90m[1m_update_scan_actions[22m | RunLock.png[39m[0m
[  86% ] [90m[1m_update_scan_actions[22m | RunLockOn.png[39m[0m
[  86% ] [90m[1m_update_scan_actions[22m | Select.png[39m[0m
[  86% ] [90m[1m_update_scan_actions[22m | SelectHeld.png[39m[0m
[  86% ] [90m[1m_update_scan_actions[22m | Start.png[39m[0m
[  86% ] [90m[1m_update_scan_actions[22m | StartHeld.png[39m[0m
[  87% ] [90m[1m_update_scan_actions[22m | Up.png[39m[0m
[  87% ] [90m[1m_update_scan_actions[22m | UpHeld.png[39m[0m
[  87% ] [90m[1m_update_scan_actions[22m | YouVsBooDE.png[39m[0m
[  87% ] [90m[1m_update_scan_actions[22m | YouVsBooES.png[39m[0m
[  87% ] [90m[1m_update_scan_actions[22m | YouVsBooFIL.png[39m[0m
[  87% ] [90m[1m_update_scan_actions[22m | YouVsBooFR.png[39m[0m
[  87% ] [90m[1m_update_scan_actions[22m | YouVsBooGA.png[39m[0m
[  87% ] [90m[1m_update_scan_actions[22m | YouVsBooID.png[39m[0m
[  87% ] [90m[1m_update_scan_actions[22m | YouVsBooIT.png[39m[0m
[  88% ] [90m[1m_update_scan_actions[22m | YouVsBooJP.png[39m[0m
[  88% ] [90m[1m_update_scan_actions[22m | YouVsBooPL.png[39m[0m
[  88% ] [90m[1m_update_scan_actions[22m | YouVsBooPT.png[39m[0m
[  88% ] [90m[1m_update_scan_actions[22m | YouVsBooRU.png[39m[0m
[  88% ] [90m[1m_update_scan_actions[22m | YouVsBooTR.png[39m[0m
[  88% ] [90m[1m_update_scan_actions[22m | AchievementBG.png[39m[0m
[  88% ] [90m[1m_update_scan_actions[22m | AchievementIcons.png[39m[0m
[  88% ] [90m[1m_update_scan_actions[22m | Arrow.png[39m[0m
[  88% ] [90m[1m_update_scan_actions[22m | BooIcon.png[39m[0m
[  89% ] [90m[1m_update_scan_actions[22m | BooMenuBG.png[39m[0m
[  89% ] [90m[1m_update_scan_actions[22m | BooPanel.png[39m[0m
[  89% ] [90m[1m_update_scan_actions[22m | BooRaceSelection.png[39m[0m
[  89% ] [90m[1m_update_scan_actions[22m | BooWarning.png[39m[0m
[  89% ] [90m[1m_update_scan_actions[22m | CampaignIcons.png[39m[0m
[  89% ] [90m[1m_update_scan_actions[22m | ChallengeMedals.png[39m[0m
[  89% ] [90m[1m_update_scan_actions[22m | ChallengeResultsArrow.png[39m[0m
[  89% ] [90m[1m_update_scan_actions[22m | ChallengeResultsPanel.png[39m[0m
[  90% ] [90m[1m_update_scan_actions[22m | ChallengeResultsTemplate.png[39m[0m
[  90% ] [90m[1m_update_scan_actions[22m | CharacterSelectSpotlight.png[39m[0m
[  90% ] [90m[1m_update_scan_actions[22m | Checkbox.png[39m[0m
[  90% ] [90m[1m_update_scan_actions[22m | CheckboxbutSmall.png[39m[0m
[  90% ] [90m[1m_update_scan_actions[22m | CheckpointIcon.png[39m[0m
[  90% ] [90m[1m_update_scan_actions[22m | CoinIcon.png[39m[0m
[  90% ] [90m[1m_update_scan_actions[22m | ControllerOverlay.png[39m[0m
[  90% ] [90m[1m_update_scan_actions[22m | Cursor.png[39m[0m
[  90% ] [90m[1m_update_scan_actions[22m | CursorEraser.png[39m[0m
[  91% ] [90m[1m_update_scan_actions[22m | CursorInspect.png[39m[0m
[  91% ] [90m[1m_update_scan_actions[22m | CursorPen.png[39m[0m
[  91% ] [90m[1m_update_scan_actions[22m | CursorPencil.png[39m[0m
[  91% ] [90m[1m_update_scan_actions[22m | CursorRuler.png[39m[0m
[  91% ] [90m[1m_update_scan_actions[22m | CustomLevelActionIcon.png[39m[0m
[  91% ] [90m[1m_update_scan_actions[22m | CustomLevelBG.png[39m[0m
[  91% ] [90m[1m_update_scan_actions[22m | CustomLevelIconDay.png[39m[0m
[  91% ] [90m[1m_update_scan_actions[22m | CustomLevelIconNight.png[39m[0m
[  91% ] [90m[1m_update_scan_actions[22m | DifficultyStars.png[39m[0m
[  92% ] [90m[1m_update_scan_actions[22m | EditorButtons.png[39m[0m
[  92% ] [90m[1m_update_scan_actions[22m | EditorGrid.png[39m[0m
[  92% ] [90m[1m_update_scan_actions[22m | EditorGridSmall.png[39m[0m
[  92% ] [90m[1m_update_scan_actions[22m | EditorIcons.png[39m[0m
[  92% ] [90m[1m_update_scan_actions[22m | EditorKeybinds.png[39m[0m
[  92% ] [90m[1m_update_scan_actions[22m | EditorOptionButtonIcon.png[39m[0m
[  92% ] [90m[1m_update_scan_actions[22m | EggMedals.png[39m[0m
[  92% ] [90m[1m_update_scan_actions[22m | Font.fnt[39m[0m
[  92% ] [90m[1m_update_scan_actions[22m | Font.png[39m[0m
[  93% ] [90m[1m_update_scan_actions[22m | FontGA.png[39m[0m
[  93% ] [90m[1m_update_scan_actions[22m | FontJP.png[39m[0m
[  93% ] [90m[1m_update_scan_actions[22m | FontJPOld.png[39m[0m
[  93% ] [90m[1m_update_scan_actions[22m | FontLL.fnt[39m[0m
[  93% ] [90m[1m_update_scan_actions[22m | FontLL.png[39m[0m
[  93% ] [90m[1m_update_scan_actions[22m | GameStyles.png[39m[0m
[  93% ] [90m[1m_update_scan_actions[22m | HUDTemplate.png[39m[0m
[  93% ] [90m[1m_update_scan_actions[22m | ItemReserve.png[39m[0m
[  93% ] [90m[1m_update_scan_actions[22m | KeyIcon.png[39m[0m
[  94% ] [90m[1m_update_scan_actions[22m | LoadingIcon.png[39m[0m
[  94% ] [90m[1m_update_scan_actions[22m | LocaleFlags.png[39m[0m
[  94% ] [90m[1m_update_scan_actions[22m | Logos.png[39m[0m
[  94% ] [90m[1m_update_scan_actions[22m | LSSIcon.png[39m[0m
[  94% ] [90m[1m_update_scan_actions[22m | LSSRatingStars.png[39m[0m
[  94% ] [90m[1m_update_scan_actions[22m | MarathonIcons.png[39m[0m
[  94% ] [90m[1m_update_scan_actions[22m | MenuBG.png[39m[0m
[  94% ] [90m[1m_update_scan_actions[22m | MenuBorder.png[39m[0m
[  95% ] [90m[1m_update_scan_actions[22m | Numbers.png[39m[0m
[  95% ] [90m[1m_update_scan_actions[22m | OneUpNote.png[39m[0m
[  95% ] [90m[1m_update_scan_actions[22m | Panel.png[39m[0m
[  95% ] [90m[1m_update_scan_actions[22m | PanelHover.png[39m[0m
[  95% ] [90m[1m_update_scan_actions[22m | PanelSelected.png[39m[0m
[  95% ] [90m[1m_update_scan_actions[22m | PeachMessageTemplate.png[39m[0m
[  95% ] [90m[1m_update_scan_actions[22m | PipeArrow.png[39m[0m
[  95% ] [90m[1m_update_scan_actions[22m | ProgressTrackerIcons.png[39m[0m
[  95% ] [90m[1m_update_scan_actions[22m | QuestSelect.png[39m[0m
[  96% ] [90m[1m_update_scan_actions[22m | RaceCountdown.png[39m[0m
[  96% ] [90m[1m_update_scan_actions[22m | RankMedals.png[39m[0m
[  96% ] [90m[1m_update_scan_actions[22m | RedCoinBorders.png[39m[0m
[  96% ] [90m[1m_update_scan_actions[22m | RedCoins.png[39m[0m
[  96% ] [90m[1m_update_scan_actions[22m | ScoreFont.fnt[39m[0m
[  96% ] [90m[1m_update_scan_actions[22m | ScoreFont.png[39m[0m
[  96% ] [90m[1m_update_scan_actions[22m | ScoreMedal.png[39m[0m
[  96% ] [90m[1m_update_scan_actions[22m | ScrollBar.png[39m[0m
[  96% ] [90m[1m_update_scan_actions[22m | SelectionCursor.png[39m[0m
[  97% ] [90m[1m_update_scan_actions[22m | SettingsIcon.png[39m[0m
[  97% ] [90m[1m_update_scan_actions[22m | SpeechBubble.png[39m[0m
[  97% ] [90m[1m_update_scan_actions[22m | SpinBoxArrows.png[39m[0m
[  97% ] [90m[1m_update_scan_actions[22m | Staff.png[39m[0m
[  97% ] [90m[1m_update_scan_actions[22m | Tab.png[39m[0m
[  97% ] [90m[1m_update_scan_actions[22m | TabSelected.png[39m[0m
[  97% ] [90m[1m_update_scan_actions[22m | TextShadowColours.png[39m[0m
[  97% ] [90m[1m_update_scan_actions[22m | ThemeIconsDay.png[39m[0m
[  97% ] [90m[1m_update_scan_actions[22m | ThemeIconsNight.png[39m[0m
[  98% ] [90m[1m_update_scan_actions[22m | TimerIcons.png[39m[0m
[  98% ] [90m[1m_update_scan_actions[22m | Title2.png[39m[0m
[  98% ] [90m[1m_update_scan_actions[22m | TitleScreenStars.png[39m[0m
[  98% ] [90m[1m_update_scan_actions[22m | TitleScreenStarsPanel.png[39m[0m
[  98% ] [90m[1m_update_scan_actions[22m | TitleSMB1.png[39m[0m
[  98% ] [90m[1m_update_scan_actions[22m | TitleSMBANN.png[39m[0m
[  98% ] [90m[1m_update_scan_actions[22m | TitleSMBLL.png[39m[0m
[  98% ] [90m[1m_update_scan_actions[22m | TitleSMBS.png[39m[0m
[  98% ] [90m[1m_update_scan_actions[22m | YoshiEggs.png[39m[0m
[  99% ] [90m[1m_update_scan_actions[22m | YouVsBoo.png[39m[0m
[  99% ] [90m[1m_update_scan_actions[22m | SMB-Remastered-ArabicPixel16-Regular.ttf[39m[0m
[  99% ] [90m[1m_update_scan_actions[22m | locale.csv[39m[0m
[  99% ] [90m[1m_update_scan_actions[22m | app-icon-192-4.png[39m[0m
[  99% ] [90m[1m_update_scan_actions[22m | app-icon-192-alternative-2.png[39m[0m
[  99% ] [90m[1m_update_scan_actions[22m | icon32.png[39m[0m
[  99% ] [90m[1m_update_scan_actions[22m | icon.png[39m[0m
[92m[ DONE ][39m [1m_update_scan_actions[22m
[0m
[   0% ] [90m[1mreimport[22m | Started (Re)Importing Assets (806 steps)[39m[0m
[   0% ] [90m[1mreimport[22m | Preparing files to reimport...[39m[0m
[   0% ] [90m[1mreimport[22m | Preparing files to reimport...[39m[0m
[   0% ] [90m[1mreimport[22m | Preparing files to reimport...[39m[0m
[   0% ] [90m[1mreimport[22m | Preparing files to reimport...[39m[0m
[   0% ] [90m[1mreimport[22m | Preparing files to reimport...[39m[0m
[   0% ] [90m[1mreimport[22m | Preparing files to reimport...[39m[0m
[   0% ] [90m[1mreimport[22m | Preparing files to reimport...[39m[0m
[   0% ] [90m[1mreimport[22m | Preparing files to reimport...[39m[0m
[   0% ] [90m[1mreimport[22m | Preparing files to reimport...[39m[0m
[   1% ] [90m[1mreimport[22m | Preparing files to reimport...[39m[0m
[   1% ] [90m[1mreimport[22m | Preparing files to reimport...[39m[0m
[   1% ] [90m[1mreimport[22m | Preparing files to reimport...[39m[0m
[   1% ] [90m[1mreimport[22m | Preparing files to reimport...[39m[0m
[   1% ] [90m[1mreimport[22m | Preparing files to reimport...[39m[0m
[   1% ] [90m[1mreimport[22m | Preparing files to reimport...[39m[0m
[   1% ] [90m[1mreimport[22m | Preparing files to reimport...[39m[0m
[   1% ] [90m[1mreimport[22m | Preparing files to reimport...[39m[0m
[   2% ] [90m[1mreimport[22m | Preparing files to reimport...[39m[0m
[   2% ] [90m[1mreimport[22m | Preparing files to reimport...[39m[0m
[   2% ] [90m[1mreimport[22m | Preparing files to reimport...[39m[0m
[   2% ] [90m[1mreimport[22m | Preparing files to reimport...[39m[0m
[   2% ] [90m[1mreimport[22m | Preparing files to reimport...[39m[0m
[   2% ] [90m[1mreimport[22m | Preparing files to reimport...[39m[0m
[   2% ] [90m[1mreimport[22m | Preparing files to reimport...[39m[0m
[   2% ] [90m[1mreimport[22m | Preparing files to reimport...[39m[0m
[   3% ] [90m[1mreimport[22m | Preparing files to reimport...[39m[0m
[   3% ] [90m[1mreimport[22m | Preparing files to reimport...[39m[0m
[   3% ] [90m[1mreimport[22m | Preparing files to reimport...[39m[0m
[   3% ] [90m[1mreimport[22m | Preparing files to reimport...[39m[0m
[   3% ] [90m[1mreimport[22m | Preparing files to reimport...[39m[0m
[   3% ] [90m[1mreimport[22m | Preparing files to reimport...[39m[0m
[   3% ] [90m[1mreimport[22m | Preparing files to reimport...[39m[0m
[   3% ] [90m[1mreimport[22m | Preparing files to reimport...[39m[0m
[   4% ] [90m[1mreimport[22m | Preparing files to reimport...[39m[0m
[   4% ] [90m[1mreimport[22m | Preparing files to reimport...[39m[0m
[   4% ] [90m[1mreimport[22m | Preparing files to reimport...[39m[0m
[   4% ] [90m[1mreimport[22m | Preparing files to reimport...[39m[0m
[   4% ] [90m[1mreimport[22m | Preparing files to reimport...[39m[0m
[   4% ] [90m[1mreimport[22m | Preparing files to reimport...[39m[0m
[   4% ] [90m[1mreimport[22m | Preparing files to reimport...[39m[0m
[   4% ] [90m[1mreimport[22m | Preparing files to reimport...[39m[0m
[   5% ] [90m[1mreimport[22m | Preparing files to reimport...[39m[0m
[   5% ] [90m[1mreimport[22m | Preparing files to reimport...[39m[0m
[   5% ] [90m[1mreimport[22m | Preparing files to reimport...[39m[0m
[   5% ] [90m[1mreimport[22m | Preparing files to reimport...[39m[0m
[   5% ] [90m[1mreimport[22m | Preparing files to reimport...[39m[0m
[   5% ] [90m[1mreimport[22m | Preparing files to reimport...[39m[0m
[   5% ] [90m[1mreimport[22m | Preparing files to reimport...[39m[0m
[   5% ] [90m[1mreimport[22m | Preparing files to reimport...[39m[0m
[   6% ] [90m[1mreimport[22m | Preparing files to reimport...[39m[0m
[   6% ] [90m[1mreimport[22m | Preparing files to reimport...[39m[0m
[   6% ] [90m[1mreimport[22m | Preparing files to reimport...[39m[0m
[   6% ] [90m[1mreimport[22m | Preparing files to reimport...[39m[0m
[   6% ] [90m[1mreimport[22m | Preparing files to reimport...[39m[0m
[   6% ] [90m[1mreimport[22m | Preparing files to reimport...[39m[0m
[   6% ] [90m[1mreimport[22m | Preparing files to reimport...[39m[0m
[   6% ] [90m[1mreimport[22m | Preparing files to reimport...[39m[0m
[   7% ] [90m[1mreimport[22m | Preparing files to reimport...[39m[0m
[   7% ] [90m[1mreimport[22m | Preparing files to reimport...[39m[0m
[   7% ] [90m[1mreimport[22m | Preparing files to reimport...[39m[0m
[   7% ] [90m[1mreimport[22m | Preparing files to reimport...[39m[0m
[   7% ] [90m[1mreimport[22m | Preparing files to reimport...[39m[0m
[   7% ] [90m[1mreimport[22m | Preparing files to reimport...[39m[0m
[   7% ] [90m[1mreimport[22m | Preparing files to reimport...[39m[0m
[   7% ] [90m[1mreimport[22m | Preparing files to reimport...[39m[0m
[   8% ] [90m[1mreimport[22m | Preparing files to reimport...[39m[0m
[   8% ] [90m[1mreimport[22m | Preparing files to reimport...[39m[0m
[   8% ] [90m[1mreimport[22m | Preparing files to reimport...[39m[0m
[   8% ] [90m[1mreimport[22m | Preparing files to reimport...[39m[0m
[   8% ] [90m[1mreimport[22m | Preparing files to reimport...[39m[0m
[   8% ] [90m[1mreimport[22m | Preparing files to reimport...[39m[0m
[   8% ] [90m[1mreimport[22m | Preparing files to reimport...[39m[0m
[   8% ] [90m[1mreimport[22m | Preparing files to reimport...[39m[0m
[   9% ] [90m[1mreimport[22m | Preparing files to reimport...[39m[0m
[   9% ] [90m[1mreimport[22m | Preparing files to reimport...[39m[0m
[   9% ] [90m[1mreimport[22m | Preparing files to reimport...[39m[0m
[   9% ] [90m[1mreimport[22m | Preparing files to reimport...[39m[0m
[   9% ] [90m[1mreimport[22m | Preparing files to reimport...[39m[0m
[   9% ] [90m[1mreimport[22m | Preparing files to reimport...[39m[0m
[   9% ] [90m[1mreimport[22m | Preparing files to reimport...[39m[0m
[   9% ] [90m[1mreimport[22m | Preparing files to reimport...[39m[0m
[  10% ] [90m[1mreimport[22m | Preparing files to reimport...[39m[0m
[  10% ] [90m[1mreimport[22m | Preparing files to reimport...[39m[0m
[  10% ] [90m[1mreimport[22m | Preparing files to reimport...[39m[0m
[  10% ] [90m[1mreimport[22m | Preparing files to reimport...[39m[0m
[  10% ] [90m[1mreimport[22m | Preparing files to reimport...[39m[0m
[  10% ] [90m[1mreimport[22m | Preparing files to reimport...[39m[0m
[  10% ] [90m[1mreimport[22m | Preparing files to reimport...[39m[0m
[  10% ] [90m[1mreimport[22m | Preparing files to reimport...[39m[0m
[  11% ] [90m[1mreimport[22m | Preparing files to reimport...[39m[0m
[  11% ] [90m[1mreimport[22m | Preparing files to reimport...[39m[0m
[  11% ] [90m[1mreimport[22m | Preparing files to reimport...[39m[0m
[  11% ] [90m[1mreimport[22m | Preparing files to reimport...[39m[0m
[  11% ] [90m[1mreimport[22m | Preparing files to reimport...[39m[0m
[  11% ] [90m[1mreimport[22m | Preparing files to reimport...[39m[0m
[  11% ] [90m[1mreimport[22m | Preparing files to reimport...[39m[0m
[  11% ] [90m[1mreimport[22m | Preparing files to reimport...[39m[0m
[  12% ] [90m[1mreimport[22m | Preparing files to reimport...[39m[0m
[  12% ] [90m[1mreimport[22m | Preparing files to reimport...[39m[0m
[  12% ] [90m[1mreimport[22m | Preparing files to reimport...[39m[0m
[  12% ] [90m[1mreimport[22m | Preparing files to reimport...[39m[0m
[  12% ] [90m[1mreimport[22m | Preparing files to reimport...[39m[0m
[  12% ] [90m[1mreimport[22m | Preparing files to reimport...[39m[0m
[  12% ] [90m[1mreimport[22m | Preparing files to reimport...[39m[0m
[  12% ] [90m[1mreimport[22m | Preparing files to reimport...[39m[0m
[  13% ] [90m[1mreimport[22m | Preparing files to reimport...[39m[0m
[  13% ] [90m[1mreimport[22m | Preparing files to reimport...[39m[0m
[  13% ] [90m[1mreimport[22m | Preparing files to reimport...[39m[0m
[  13% ] [90m[1mreimport[22m | Preparing files to reimport...[39m[0m
[  13% ] [90m[1mreimport[22m | Preparing files to reimport...[39m[0m
[  13% ] [90m[1mreimport[22m | Preparing files to reimport...[39m[0m
[  13% ] [90m[1mreimport[22m | Preparing files to reimport...[39m[0m
[  13% ] [90m[1mreimport[22m | Preparing files to reimport...[39m[0m
[  14% ] [90m[1mreimport[22m | Preparing files to reimport...[39m[0m
[  14% ] [90m[1mreimport[22m | Preparing files to reimport...[39m[0m
[  14% ] [90m[1mreimport[22m | Preparing files to reimport...[39m[0m
[  14% ] [90m[1mreimport[22m | Preparing files to reimport...[39m[0m
[  14% ] [90m[1mreimport[22m | Preparing files to reimport...[39m[0m
[  14% ] [90m[1mreimport[22m | Preparing files to reimport...[39m[0m
[  14% ] [90m[1mreimport[22m | Preparing files to reimport...[39m[0m
[  14% ] [90m[1mreimport[22m | Preparing files to reimport...[39m[0m
[  14% ] [90m[1mreimport[22m | Preparing files to reimport...[39m[0m
[  15% ] [90m[1mreimport[22m | Preparing files to reimport...[39m[0m
[  15% ] [90m[1mreimport[22m | Preparing files to reimport...[39m[0m
[  15% ] [90m[1mreimport[22m | Preparing files to reimport...[39m[0m
[  15% ] [90m[1mreimport[22m | Preparing files to reimport...[39m[0m
[  15% ] [90m[1mreimport[22m | Preparing files to reimport...[39m[0m
[  15% ] [90m[1mreimport[22m | Preparing files to reimport...[39m[0m
[  15% ] [90m[1mreimport[22m | Preparing files to reimport...[39m[0m
[  15% ] [90m[1mreimport[22m | Preparing files to reimport...[39m[0m
[  16% ] [90m[1mreimport[22m | Preparing files to reimport...[39m[0m
[  16% ] [90m[1mreimport[22m | Preparing files to reimport...[39m[0m
[  16% ] [90m[1mreimport[22m | Preparing files to reimport...[39m[0m
[  16% ] [90m[1mreimport[22m | Preparing files to reimport...[39m[0m
[  16% ] [90m[1mreimport[22m | Preparing files to reimport...[39m[0m
[  16% ] [90m[1mreimport[22m | Preparing files to reimport...[39m[0m
[  16% ] [90m[1mreimport[22m | Preparing files to reimport...[39m[0m
[  16% ] [90m[1mreimport[22m | Preparing files to reimport...[39m[0m
[  17% ] [90m[1mreimport[22m | Preparing files to reimport...[39m[0m
[  17% ] [90m[1mreimport[22m | Preparing files to reimport...[39m[0m
[  17% ] [90m[1mreimport[22m | Preparing files to reimport...[39m[0m
[  17% ] [90m[1mreimport[22m | Preparing files to reimport...[39m[0m
[  17% ] [90m[1mreimport[22m | Preparing files to reimport...[39m[0m
[  17% ] [90m[1mreimport[22m | Preparing files to reimport...[39m[0m
[  17% ] [90m[1mreimport[22m | Preparing files to reimport...[39m[0m
[  17% ] [90m[1mreimport[22m | Preparing files to reimport...[39m[0m
[  18% ] [90m[1mreimport[22m | Preparing files to reimport...[39m[0m
[  18% ] [90m[1mreimport[22m | Preparing files to reimport...[39m[0m
[  18% ] [90m[1mreimport[22m | Preparing files to reimport...[39m[0m
[  18% ] [90m[1mreimport[22m | Preparing files to reimport...[39m[0m
[  18% ] [90m[1mreimport[22m | Preparing files to reimport...[39m[0m
[  18% ] [90m[1mreimport[22m | Preparing files to reimport...[39m[0m
[  18% ] [90m[1mreimport[22m | Preparing files to reimport...[39m[0m
[  18% ] [90m[1mreimport[22m | Preparing files to reimport...[39m[0m
[  19% ] [90m[1mreimport[22m | Preparing files to reimport...[39m[0m
[  19% ] [90m[1mreimport[22m | Preparing files to reimport...[39m[0m
[  19% ] [90m[1mreimport[22m | Preparing files to reimport...[39m[0m
[  19% ] [90m[1mreimport[22m | Preparing files to reimport...[39m[0m
[  19% ] [90m[1mreimport[22m | Preparing files to reimport...[39m[0m
[  19% ] [90m[1mreimport[22m | Preparing files to reimport...[39m[0m
[  19% ] [90m[1mreimport[22m | Preparing files to reimport...[39m[0m
[  19% ] [90m[1mreimport[22m | Preparing files to reimport...[39m[0m
[  20% ] [90m[1mreimport[22m | Preparing files to reimport...[39m[0m
[  20% ] [90m[1mreimport[22m | Preparing files to reimport...[39m[0m
[  20% ] [90m[1mreimport[22m | Preparing files to reimport...[39m[0m
[  20% ] [90m[1mreimport[22m | Preparing files to reimport...[39m[0m
[  20% ] [90m[1mreimport[22m | Preparing files to reimport...[39m[0m
[  20% ] [90m[1mreimport[22m | Preparing files to reimport...[39m[0m
[  20% ] [90m[1mreimport[22m | Preparing files to reimport...[39m[0m
[  20% ] [90m[1mreimport[22m | Preparing files to reimport...[39m[0m
[  21% ] [90m[1mreimport[22m | Preparing files to reimport...[39m[0m
[  21% ] [90m[1mreimport[22m | Preparing files to reimport...[39m[0m
[  21% ] [90m[1mreimport[22m | Preparing files to reimport...[39m[0m
[  21% ] [90m[1mreimport[22m | Preparing files to reimport...[39m[0m
[  21% ] [90m[1mreimport[22m | Preparing files to reimport...[39m[0m
[  21% ] [90m[1mreimport[22m | Preparing files to reimport...[39m[0m
[  21% ] [90m[1mreimport[22m | Preparing files to reimport...[39m[0m
[  21% ] [90m[1mreimport[22m | Preparing files to reimport...[39m[0m
[  22% ] [90m[1mreimport[22m | Preparing files to reimport...[39m[0m
[  22% ] [90m[1mreimport[22m | Preparing files to reimport...[39m[0m
[  22% ] [90m[1mreimport[22m | Preparing files to reimport...[39m[0m
[  22% ] [90m[1mreimport[22m | Preparing files to reimport...[39m[0m
[  22% ] [90m[1mreimport[22m | Preparing files to reimport...[39m[0m
[  22% ] [90m[1mreimport[22m | Preparing files to reimport...[39m[0m
[  22% ] [90m[1mreimport[22m | Preparing files to reimport...[39m[0m
[  22% ] [90m[1mreimport[22m | Preparing files to reimport...[39m[0m
[  23% ] [90m[1mreimport[22m | Preparing files to reimport...[39m[0m
[  23% ] [90m[1mreimport[22m | Preparing files to reimport...[39m[0m
[  23% ] [90m[1mreimport[22m | Preparing files to reimport...[39m[0m
[  23% ] [90m[1mreimport[22m | Preparing files to reimport...[39m[0m
[  23% ] [90m[1mreimport[22m | Preparing files to reimport...[39m[0m
[  23% ] [90m[1mreimport[22m | Preparing files to reimport...[39m[0m
[  23% ] [90m[1mreimport[22m | Preparing files to reimport...[39m[0m
[  23% ] [90m[1mreimport[22m | Preparing files to reimport...[39m[0m
[  24% ] [90m[1mreimport[22m | Preparing files to reimport...[39m[0m
[  24% ] [90m[1mreimport[22m | Preparing files to reimport...[39m[0m
[  24% ] [90m[1mreimport[22m | Preparing files to reimport...[39m[0m
[  24% ] [90m[1mreimport[22m | Preparing files to reimport...[39m[0m
[  24% ] [90m[1mreimport[22m | Preparing files to reimport...[39m[0m
[  24% ] [90m[1mreimport[22m | Preparing files to reimport...[39m[0m
[  24% ] [90m[1mreimport[22m | Preparing files to reimport...[39m[0m
[  24% ] [90m[1mreimport[22m | Preparing files to reimport...[39m[0m
[  25% ] [90m[1mreimport[22m | Preparing files to reimport...[39m[0m
[  25% ] [90m[1mreimport[22m | Preparing files to reimport...[39m[0m
[  25% ] [90m[1mreimport[22m | Preparing files to reimport...[39m[0m
[  25% ] [90m[1mreimport[22m | Preparing files to reimport...[39m[0m
[  25% ] [90m[1mreimport[22m | Preparing files to reimport...[39m[0m
[  25% ] [90m[1mreimport[22m | Preparing files to reimport...[39m[0m
[  25% ] [90m[1mreimport[22m | Preparing files to reimport...[39m[0m
[  25% ] [90m[1mreimport[22m | Preparing files to reimport...[39m[0m
[  26% ] [90m[1mreimport[22m | Preparing files to reimport...[39m[0m
[  26% ] [90m[1mreimport[22m | Preparing files to reimport...[39m[0m
[  26% ] [90m[1mreimport[22m | Preparing files to reimport...[39m[0m
[  26% ] [90m[1mreimport[22m | Preparing files to reimport...[39m[0m
[  26% ] [90m[1mreimport[22m | Preparing files to reimport...[39m[0m
[  26% ] [90m[1mreimport[22m | Preparing files to reimport...[39m[0m
[  26% ] [90m[1mreimport[22m | Preparing files to reimport...[39m[0m
[  26% ] [90m[1mreimport[22m | Preparing files to reimport...[39m[0m
[  27% ] [90m[1mreimport[22m | Preparing files to reimport...[39m[0m
[  27% ] [90m[1mreimport[22m | Preparing files to reimport...[39m[0m
[  27% ] [90m[1mreimport[22m | Preparing files to reimport...[39m[0m
[  27% ] [90m[1mreimport[22m | Preparing files to reimport...[39m[0m
[  27% ] [90m[1mreimport[22m | Preparing files to reimport...[39m[0m
[  27% ] [90m[1mreimport[22m | Preparing files to reimport...[39m[0m
[  27% ] [90m[1mreimport[22m | Preparing files to reimport...[39m[0m
[  27% ] [90m[1mreimport[22m | Preparing files to reimport...[39m[0m
[  28% ] [90m[1mreimport[22m | Preparing files to reimport...[39m[0m
[  28% ] [90m[1mreimport[22m | Preparing files to reimport...[39m[0m
[  28% ] [90m[1mreimport[22m | Preparing files to reimport...[39m[0m
[  28% ] [90m[1mreimport[22m | Preparing files to reimport...[39m[0m
[  28% ] [90m[1mreimport[22m | Preparing files to reimport...[39m[0m
[  28% ] [90m[1mreimport[22m | Preparing files to reimport...[39m[0m
[  28% ] [90m[1mreimport[22m | Preparing files to reimport...[39m[0m
[  28% ] [90m[1mreimport[22m | Preparing files to reimport...[39m[0m
[  28% ] [90m[1mreimport[22m | Preparing files to reimport...[39m[0m
[  29% ] [90m[1mreimport[22m | Preparing files to reimport...[39m[0m
[  29% ] [90m[1mreimport[22m | Preparing files to reimport...[39m[0m
[  29% ] [90m[1mreimport[22m | Preparing files to reimport...[39m[0m
[  29% ] [90m[1mreimport[22m | Preparing files to reimport...[39m[0m
[  29% ] [90m[1mreimport[22m | Preparing files to reimport...[39m[0m
[  29% ] [90m[1mreimport[22m | Preparing files to reimport...[39m[0m
[  29% ] [90m[1mreimport[22m | Preparing files to reimport...[39m[0m
[  29% ] [90m[1mreimport[22m | Preparing files to reimport...[39m[0m
[  30% ] [90m[1mreimport[22m | Preparing files to reimport...[39m[0m
[  30% ] [90m[1mreimport[22m | Preparing files to reimport...[39m[0m
[  30% ] [90m[1mreimport[22m | Preparing files to reimport...[39m[0m
[  30% ] [90m[1mreimport[22m | Preparing files to reimport...[39m[0m
[  30% ] [90m[1mreimport[22m | Preparing files to reimport...[39m[0m
[  30% ] [90m[1mreimport[22m | Preparing files to reimport...[39m[0m
[  30% ] [90m[1mreimport[22m | Preparing files to reimport...[39m[0m
[  30% ] [90m[1mreimport[22m | Preparing files to reimport...[39m[0m
[  31% ] [90m[1mreimport[22m | Preparing files to reimport...[39m[0m
[  31% ] [90m[1mreimport[22m | Preparing files to reimport...[39m[0m
[  31% ] [90m[1mreimport[22m | Preparing files to reimport...[39m[0m
[  31% ] [90m[1mreimport[22m | Preparing files to reimport...[39m[0m
[  31% ] [90m[1mreimport[22m | Preparing files to reimport...[39m[0m
[  31% ] [90m[1mreimport[22m | Preparing files to reimport...[39m[0m
[  31% ] [90m[1mreimport[22m | Preparing files to reimport...[39m[0m
[  31% ] [90m[1mreimport[22m | Preparing files to reimport...[39m[0m
[  32% ] [90m[1mreimport[22m | Preparing files to reimport...[39m[0m
[  32% ] [90m[1mreimport[22m | Preparing files to reimport...[39m[0m
[  32% ] [90m[1mreimport[22m | Preparing files to reimport...[39m[0m
[  32% ] [90m[1mreimport[22m | Preparing files to reimport...[39m[0m
[  32% ] [90m[1mreimport[22m | Preparing files to reimport...[39m[0m
[  32% ] [90m[1mreimport[22m | Preparing files to reimport...[39m[0m
[  32% ] [90m[1mreimport[22m | Preparing files to reimport...[39m[0m
[  32% ] [90m[1mreimport[22m | Preparing files to reimport...[39m[0m
[  33% ] [90m[1mreimport[22m | Preparing files to reimport...[39m[0m
[  33% ] [90m[1mreimport[22m | Preparing files to reimport...[39m[0m
[  33% ] [90m[1mreimport[22m | Preparing files to reimport...[39m[0m
[  33% ] [90m[1mreimport[22m | Preparing files to reimport...[39m[0m
[  33% ] [90m[1mreimport[22m | Preparing files to reimport...[39m[0m
[  33% ] [90m[1mreimport[22m | Preparing files to reimport...[39m[0m
[  33% ] [90m[1mreimport[22m | Preparing files to reimport...[39m[0m
[  33% ] [90m[1mreimport[22m | Preparing files to reimport...[39m[0m
[  34% ] [90m[1mreimport[22m | Preparing files to reimport...[39m[0m
[  34% ] [90m[1mreimport[22m | Preparing files to reimport...[39m[0m
[  34% ] [90m[1mreimport[22m | Preparing files to reimport...[39m[0m
[  34% ] [90m[1mreimport[22m | Preparing files to reimport...[39m[0m
[  34% ] [90m[1mreimport[22m | Preparing files to reimport...[39m[0m
[  34% ] [90m[1mreimport[22m | Preparing files to reimport...[39m[0m
[  34% ] [90m[1mreimport[22m | Preparing files to reimport...[39m[0m
[  34% ] [90m[1mreimport[22m | Preparing files to reimport...[39m[0m
[  35% ] [90m[1mreimport[22m | Preparing files to reimport...[39m[0m
[  35% ] [90m[1mreimport[22m | Preparing files to reimport...[39m[0m
[  35% ] [90m[1mreimport[22m | Preparing files to reimport...[39m[0m
[  35% ] [90m[1mreimport[22m | Preparing files to reimport...[39m[0m
[  35% ] [90m[1mreimport[22m | Preparing files to reimport...[39m[0m
[  35% ] [90m[1mreimport[22m | Preparing files to reimport...[39m[0m
[  35% ] [90m[1mreimport[22m | Preparing files to reimport...[39m[0m
[  35% ] [90m[1mreimport[22m | Preparing files to reimport...[39m[0m
[  36% ] [90m[1mreimport[22m | Preparing files to reimport...[39m[0m
[  36% ] [90m[1mreimport[22m | Preparing files to reimport...[39m[0m
[  36% ] [90m[1mreimport[22m | Preparing files to reimport...[39m[0m
[  36% ] [90m[1mreimport[22m | Preparing files to reimport...[39m[0m
[  36% ] [90m[1mreimport[22m | Preparing files to reimport...[39m[0m
[  36% ] [90m[1mreimport[22m | Preparing files to reimport...[39m[0m
[  36% ] [90m[1mreimport[22m | Preparing files to reimport...[39m[0m
[  36% ] [90m[1mreimport[22m | Preparing files to reimport...[39m[0m
[  37% ] [90m[1mreimport[22m | Preparing files to reimport...[39m[0m
[  37% ] [90m[1mreimport[22m | Preparing files to reimport...[39m[0m
[  37% ] [90m[1mreimport[22m | Preparing files to reimport...[39m[0m
[  37% ] [90m[1mreimport[22m | Preparing files to reimport...[39m[0m
[  37% ] [90m[1mreimport[22m | Preparing files to reimport...[39m[0m
[  37% ] [90m[1mreimport[22m | Preparing files to reimport...[39m[0m
[  37% ] [90m[1mreimport[22m | Preparing files to reimport...[39m[0m
[  37% ] [90m[1mreimport[22m | Preparing files to reimport...[39m[0m
[  38% ] [90m[1mreimport[22m | Preparing files to reimport...[39m[0m
[  38% ] [90m[1mreimport[22m | Preparing files to reimport...[39m[0m
[  38% ] [90m[1mreimport[22m | Preparing files to reimport...[39m[0m
[  38% ] [90m[1mreimport[22m | Preparing files to reimport...[39m[0m
[  38% ] [90m[1mreimport[22m | Preparing files to reimport...[39m[0m
[  38% ] [90m[1mreimport[22m | Preparing files to reimport...[39m[0m
[  38% ] [90m[1mreimport[22m | Preparing files to reimport...[39m[0m
[  38% ] [90m[1mreimport[22m | Preparing files to reimport...[39m[0m
[  39% ] [90m[1mreimport[22m | Preparing files to reimport...[39m[0m
[  39% ] [90m[1mreimport[22m | Preparing files to reimport...[39m[0m
[  39% ] [90m[1mreimport[22m | Preparing files to reimport...[39m[0m
[  39% ] [90m[1mreimport[22m | Preparing files to reimport...[39m[0m
[  39% ] [90m[1mreimport[22m | Preparing files to reimport...[39m[0m
[  39% ] [90m[1mreimport[22m | Preparing files to reimport...[39m[0m
[  39% ] [90m[1mreimport[22m | Preparing files to reimport...[39m[0m
[  39% ] [90m[1mreimport[22m | Preparing files to reimport...[39m[0m
[  40% ] [90m[1mreimport[22m | Preparing files to reimport...[39m[0m
[  40% ] [90m[1mreimport[22m | Preparing files to reimport...[39m[0m
[  40% ] [90m[1mreimport[22m | Preparing files to reimport...[39m[0m
[  40% ] [90m[1mreimport[22m | Preparing files to reimport...[39m[0m
[  40% ] [90m[1mreimport[22m | Preparing files to reimport...[39m[0m
[  40% ] [90m[1mreimport[22m | Preparing files to reimport...[39m[0m
[  40% ] [90m[1mreimport[22m | Preparing files to reimport...[39m[0m
[  40% ] [90m[1mreimport[22m | Preparing files to reimport...[39m[0m
[  41% ] [90m[1mreimport[22m | Preparing files to reimport...[39m[0m
[  41% ] [90m[1mreimport[22m | Preparing files to reimport...[39m[0m
[  41% ] [90m[1mreimport[22m | Preparing files to reimport...[39m[0m
[  41% ] [90m[1mreimport[22m | Preparing files to reimport...[39m[0m
[  41% ] [90m[1mreimport[22m | Preparing files to reimport...[39m[0m
[  41% ] [90m[1mreimport[22m | Preparing files to reimport...[39m[0m
[  41% ] [90m[1mreimport[22m | Preparing files to reimport...[39m[0m
[  41% ] [90m[1mreimport[22m | Preparing files to reimport...[39m[0m
[  42% ] [90m[1mreimport[22m | Preparing files to reimport...[39m[0m
[  42% ] [90m[1mreimport[22m | Preparing files to reimport...[39m[0m
[  42% ] [90m[1mreimport[22m | Preparing files to reimport...[39m[0m
[  42% ] [90m[1mreimport[22m | Preparing files to reimport...[39m[0m
[  42% ] [90m[1mreimport[22m | Preparing files to reimport...[39m[0m
[  42% ] [90m[1mreimport[22m | Preparing files to reimport...[39m[0m
[  42% ] [90m[1mreimport[22m | Preparing files to reimport...[39m[0m
[  42% ] [90m[1mreimport[22m | Preparing files to reimport...[39m[0m
[  42% ] [90m[1mreimport[22m | Preparing files to reimport...[39m[0m
[  43% ] [90m[1mreimport[22m | Preparing files to reimport...[39m[0m
[  43% ] [90m[1mreimport[22m | Preparing files to reimport...[39m[0m
[  43% ] [90m[1mreimport[22m | Preparing files to reimport...[39m[0m
[  43% ] [90m[1mreimport[22m | Preparing files to reimport...[39m[0m
[  43% ] [90m[1mreimport[22m | Preparing files to reimport...[39m[0m
[  43% ] [90m[1mreimport[22m | Preparing files to reimport...[39m[0m
[  43% ] [90m[1mreimport[22m | Preparing files to reimport...[39m[0m
[  43% ] [90m[1mreimport[22m | Preparing files to reimport...[39m[0m
[  44% ] [90m[1mreimport[22m | Preparing files to reimport...[39m[0m
[  44% ] [90m[1mreimport[22m | Preparing files to reimport...[39m[0m
[  44% ] [90m[1mreimport[22m | Preparing files to reimport...[39m[0m
[  44% ] [90m[1mreimport[22m | Preparing files to reimport...[39m[0m
[  44% ] [90m[1mreimport[22m | Preparing files to reimport...[39m[0m
[  44% ] [90m[1mreimport[22m | Preparing files to reimport...[39m[0m
[  44% ] [90m[1mreimport[22m | Preparing files to reimport...[39m[0m
[  44% ] [90m[1mreimport[22m | Preparing files to reimport...[39m[0m
[  45% ] [90m[1mreimport[22m | Preparing files to reimport...[39m[0m
[  45% ] [90m[1mreimport[22m | Preparing files to reimport...[39m[0m
[  45% ] [90m[1mreimport[22m | Preparing files to reimport...[39m[0m
[  45% ] [90m[1mreimport[22m | Preparing files to reimport...[39m[0m
[  45% ] [90m[1mreimport[22m | Preparing files to reimport...[39m[0m
[  45% ] [90m[1mreimport[22m | Preparing files to reimport...[39m[0m
[  45% ] [90m[1mreimport[22m | Preparing files to reimport...[39m[0m
[  45% ] [90m[1mreimport[22m | Preparing files to reimport...[39m[0m
[  46% ] [90m[1mreimport[22m | Preparing files to reimport...[39m[0m
[  46% ] [90m[1mreimport[22m | Preparing files to reimport...[39m[0m
[  46% ] [90m[1mreimport[22m | Preparing files to reimport...[39m[0m
[  46% ] [90m[1mreimport[22m | Preparing files to reimport...[39m[0m
[  46% ] [90m[1mreimport[22m | Preparing files to reimport...[39m[0m
[  46% ] [90m[1mreimport[22m | Preparing files to reimport...[39m[0m
[  46% ] [90m[1mreimport[22m | Preparing files to reimport...[39m[0m
[  46% ] [90m[1mreimport[22m | Preparing files to reimport...[39m[0m
[  47% ] [90m[1mreimport[22m | Preparing files to reimport...[39m[0m
[  47% ] [90m[1mreimport[22m | Preparing files to reimport...[39m[0m
[  47% ] [90m[1mreimport[22m | Preparing files to reimport...[39m[0m
[  47% ] [90m[1mreimport[22m | Preparing files to reimport...[39m[0m
[  47% ] [90m[1mreimport[22m | Preparing files to reimport...[39m[0m
[  47% ] [90m[1mreimport[22m | Preparing files to reimport...[39m[0m
[  47% ] [90m[1mreimport[22m | Preparing files to reimport...[39m[0m
[  47% ] [90m[1mreimport[22m | Preparing files to reimport...[39m[0m
[  48% ] [90m[1mreimport[22m | Preparing files to reimport...[39m[0m
[  48% ] [90m[1mreimport[22m | Preparing files to reimport...[39m[0m
[  48% ] [90m[1mreimport[22m | Preparing files to reimport...[39m[0m
[  48% ] [90m[1mreimport[22m | Preparing files to reimport...[39m[0m
[  48% ] [90m[1mreimport[22m | Preparing files to reimport...[39m[0m
[  48% ] [90m[1mreimport[22m | Preparing files to reimport...[39m[0m
[  48% ] [90m[1mreimport[22m | Preparing files to reimport...[39m[0m
[  48% ] [90m[1mreimport[22m | Preparing files to reimport...[39m[0m
[  49% ] [90m[1mreimport[22m | Preparing files to reimport...[39m[0m
[  49% ] [90m[1mreimport[22m | Preparing files to reimport...[39m[0m
[  49% ] [90m[1mreimport[22m | Preparing files to reimport...[39m[0m
[  49% ] [90m[1mreimport[22m | Preparing files to reimport...[39m[0m
[  49% ] [90m[1mreimport[22m | Preparing files to reimport...[39m[0m
[  49% ] [90m[1mreimport[22m | Preparing files to reimport...[39m[0m
[  49% ] [90m[1mreimport[22m | Preparing files to reimport...[39m[0m
[  49% ] [90m[1mreimport[22m | Preparing files to reimport...[39m[0m
[  50% ] [90m[1mreimport[22m | Preparing files to reimport...[39m[0m
[  50% ] [90m[1mreimport[22m | Preparing files to reimport...[39m[0m
[  50% ] [90m[1mreimport[22m | Preparing files to reimport...[39m[0m
[  50% ] [90m[1mreimport[22m | Preparing files to reimport...[39m[0m
[  50% ] [90m[1mreimport[22m | Preparing files to reimport...[39m[0m
[  50% ] [90m[1mreimport[22m | Preparing files to reimport...[39m[0m
[  50% ] [90m[1mreimport[22m | Preparing files to reimport...[39m[0m
[  50% ] [90m[1mreimport[22m | Preparing files to reimport...[39m[0m
[  51% ] [90m[1mreimport[22m | Preparing files to reimport...[39m[0m
[  51% ] [90m[1mreimport[22m | Preparing files to reimport...[39m[0m
[  51% ] [90m[1mreimport[22m | Preparing files to reimport...[39m[0m
[  51% ] [90m[1mreimport[22m | Preparing files to reimport...[39m[0m
[  51% ] [90m[1mreimport[22m | Preparing files to reimport...[39m[0m
[  51% ] [90m[1mreimport[22m | Preparing files to reimport...[39m[0m
[  51% ] [90m[1mreimport[22m | Preparing files to reimport...[39m[0m
[  51% ] [90m[1mreimport[22m | Preparing files to reimport...[39m[0m
[  52% ] [90m[1mreimport[22m | Preparing files to reimport...[39m[0m
[  52% ] [90m[1mreimport[22m | Preparing files to reimport...[39m[0m
[  52% ] [90m[1mreimport[22m | Preparing files to reimport...[39m[0m
[  52% ] [90m[1mreimport[22m | Preparing files to reimport...[39m[0m
[  52% ] [90m[1mreimport[22m | Preparing files to reimport...[39m[0m
[  52% ] [90m[1mreimport[22m | Preparing files to reimport...[39m[0m
[  52% ] [90m[1mreimport[22m | Preparing files to reimport...[39m[0m
[  52% ] [90m[1mreimport[22m | Preparing files to reimport...[39m[0m
[  53% ] [90m[1mreimport[22m | Preparing files to reimport...[39m[0m
[  53% ] [90m[1mreimport[22m | Preparing files to reimport...[39m[0m
[  53% ] [90m[1mreimport[22m | Preparing files to reimport...[39m[0m
[  53% ] [90m[1mreimport[22m | Preparing files to reimport...[39m[0m
[  53% ] [90m[1mreimport[22m | Preparing files to reimport...[39m[0m
[  53% ] [90m[1mreimport[22m | Preparing files to reimport...[39m[0m
[  53% ] [90m[1mreimport[22m | Preparing files to reimport...[39m[0m
[  53% ] [90m[1mreimport[22m | Preparing files to reimport...[39m[0m
[  54% ] [90m[1mreimport[22m | Preparing files to reimport...[39m[0m
[  54% ] [90m[1mreimport[22m | Preparing files to reimport...[39m[0m
[  54% ] [90m[1mreimport[22m | Preparing files to reimport...[39m[0m
[  54% ] [90m[1mreimport[22m | Preparing files to reimport...[39m[0m
[  54% ] [90m[1mreimport[22m | Preparing files to reimport...[39m[0m
[  54% ] [90m[1mreimport[22m | Preparing files to reimport...[39m[0m
[  54% ] [90m[1mreimport[22m | Preparing files to reimport...[39m[0m
[  54% ] [90m[1mreimport[22m | Preparing files to reimport...[39m[0m
[  55% ] [90m[1mreimport[22m | Preparing files to reimport...[39m[0m
[  55% ] [90m[1mreimport[22m | Preparing files to reimport...[39m[0m
[  55% ] [90m[1mreimport[22m | Preparing files to reimport...[39m[0m
[  55% ] [90m[1mreimport[22m | Preparing files to reimport...[39m[0m
[  55% ] [90m[1mreimport[22m | Preparing files to reimport...[39m[0m
[  55% ] [90m[1mreimport[22m | Preparing files to reimport...[39m[0m
[  55% ] [90m[1mreimport[22m | Preparing files to reimport...[39m[0m
[  55% ] [90m[1mreimport[22m | Preparing files to reimport...[39m[0m
[  56% ] [90m[1mreimport[22m | Preparing files to reimport...[39m[0m
[  56% ] [90m[1mreimport[22m | Preparing files to reimport...[39m[0m
[  56% ] [90m[1mreimport[22m | Preparing files to reimport...[39m[0m
[  56% ] [90m[1mreimport[22m | Preparing files to reimport...[39m[0m
[  56% ] [90m[1mreimport[22m | Preparing files to reimport...[39m[0m
[  56% ] [90m[1mreimport[22m | Preparing files to reimport...[39m[0m
[  56% ] [90m[1mreimport[22m | Preparing files to reimport...[39m[0m
[  56% ] [90m[1mreimport[22m | Preparing files to reimport...[39m[0m
[  57% ] [90m[1mreimport[22m | Preparing files to reimport...[39m[0m
[  57% ] [90m[1mreimport[22m | Preparing files to reimport...[39m[0m
[  57% ] [90m[1mreimport[22m | Preparing files to reimport...[39m[0m
[  57% ] [90m[1mreimport[22m | Preparing files to reimport...[39m[0m
[  57% ] [90m[1mreimport[22m | Preparing files to reimport...[39m[0m
[  57% ] [90m[1mreimport[22m | Preparing files to reimport...[39m[0m
[  57% ] [90m[1mreimport[22m | Preparing files to reimport...[39m[0m
[  57% ] [90m[1mreimport[22m | Preparing files to reimport...[39m[0m
[  57% ] [90m[1mreimport[22m | Preparing files to reimport...[39m[0m
[  58% ] [90m[1mreimport[22m | Preparing files to reimport...[39m[0m
[  58% ] [90m[1mreimport[22m | Preparing files to reimport...[39m[0m
[  58% ] [90m[1mreimport[22m | Preparing files to reimport...[39m[0m
[  58% ] [90m[1mreimport[22m | Preparing files to reimport...[39m[0m
[  58% ] [90m[1mreimport[22m | Preparing files to reimport...[39m[0m
[  58% ] [90m[1mreimport[22m | Preparing files to reimport...[39m[0m
[  58% ] [90m[1mreimport[22m | Preparing files to reimport...[39m[0m
[  58% ] [90m[1mreimport[22m | Preparing files to reimport...[39m[0m
[  59% ] [90m[1mreimport[22m | Preparing files to reimport...[39m[0m
[  59% ] [90m[1mreimport[22m | Preparing files to reimport...[39m[0m
[  59% ] [90m[1mreimport[22m | Preparing files to reimport...[39m[0m
[  59% ] [90m[1mreimport[22m | Preparing files to reimport...[39m[0m
[  59% ] [90m[1mreimport[22m | Preparing files to reimport...[39m[0m
[  59% ] [90m[1mreimport[22m | Preparing files to reimport...[39m[0m
[  59% ] [90m[1mreimport[22m | Preparing files to reimport...[39m[0m
[  59% ] [90m[1mreimport[22m | Preparing files to reimport...[39m[0m
[  60% ] [90m[1mreimport[22m | Preparing files to reimport...[39m[0m
[  60% ] [90m[1mreimport[22m | Preparing files to reimport...[39m[0m
[  60% ] [90m[1mreimport[22m | Preparing files to reimport...[39m[0m
[  60% ] [90m[1mreimport[22m | Preparing files to reimport...[39m[0m
[  60% ] [90m[1mreimport[22m | Preparing files to reimport...[39m[0m
[  60% ] [90m[1mreimport[22m | Preparing files to reimport...[39m[0m
[  60% ] [90m[1mreimport[22m | Preparing files to reimport...[39m[0m
[  60% ] [90m[1mreimport[22m | Preparing files to reimport...[39m[0m
[  61% ] [90m[1mreimport[22m | Preparing files to reimport...[39m[0m
[  61% ] [90m[1mreimport[22m | Preparing files to reimport...[39m[0m
[  61% ] [90m[1mreimport[22m | Preparing files to reimport...[39m[0m
[  61% ] [90m[1mreimport[22m | Preparing files to reimport...[39m[0m
[  61% ] [90m[1mreimport[22m | Preparing files to reimport...[39m[0m
[  61% ] [90m[1mreimport[22m | Preparing files to reimport...[39m[0m
[  61% ] [90m[1mreimport[22m | Preparing files to reimport...[39m[0m
[  61% ] [90m[1mreimport[22m | Preparing files to reimport...[39m[0m
[  62% ] [90m[1mreimport[22m | Preparing files to reimport...[39m[0m
[  62% ] [90m[1mreimport[22m | Preparing files to reimport...[39m[0m
[  62% ] [90m[1mreimport[22m | Preparing files to reimport...[39m[0m
[  62% ] [90m[1mreimport[22m | Preparing files to reimport...[39m[0m
[  62% ] [90m[1mreimport[22m | Preparing files to reimport...[39m[0m
[  62% ] [90m[1mreimport[22m | Preparing files to reimport...[39m[0m
[  62% ] [90m[1mreimport[22m | Preparing files to reimport...[39m[0m
[  62% ] [90m[1mreimport[22m | Preparing files to reimport...[39m[0m
[  63% ] [90m[1mreimport[22m | Preparing files to reimport...[39m[0m
[  63% ] [90m[1mreimport[22m | Preparing files to reimport...[39m[0m
[  63% ] [90m[1mreimport[22m | Preparing files to reimport...[39m[0m
[  63% ] [90m[1mreimport[22m | Preparing files to reimport...[39m[0m
[  63% ] [90m[1mreimport[22m | Preparing files to reimport...[39m[0m
[  63% ] [90m[1mreimport[22m | Preparing files to reimport...[39m[0m
[  63% ] [90m[1mreimport[22m | Preparing files to reimport...[39m[0m
[  63% ] [90m[1mreimport[22m | Preparing files to reimport...[39m[0m
[  64% ] [90m[1mreimport[22m | Preparing files to reimport...[39m[0m
[  64% ] [90m[1mreimport[22m | Preparing files to reimport...[39m[0m
[  64% ] [90m[1mreimport[22m | Preparing files to reimport...[39m[0m
[  64% ] [90m[1mreimport[22m | Preparing files to reimport...[39m[0m
[  64% ] [90m[1mreimport[22m | Preparing files to reimport...[39m[0m
[  64% ] [90m[1mreimport[22m | Preparing files to reimport...[39m[0m
[  64% ] [90m[1mreimport[22m | Preparing files to reimport...[39m[0m
[  64% ] [90m[1mreimport[22m | Preparing files to reimport...[39m[0m
[  65% ] [90m[1mreimport[22m | Preparing files to reimport...[39m[0m
[  65% ] [90m[1mreimport[22m | Preparing files to reimport...[39m[0m
[  65% ] [90m[1mreimport[22m | Preparing files to reimport...[39m[0m
[  65% ] [90m[1mreimport[22m | Preparing files to reimport...[39m[0m
[  65% ] [90m[1mreimport[22m | Preparing files to reimport...[39m[0m
[  65% ] [90m[1mreimport[22m | Preparing files to reimport...[39m[0m
[  65% ] [90m[1mreimport[22m | Preparing files to reimport...[39m[0m
[  65% ] [90m[1mreimport[22m | Preparing files to reimport...[39m[0m
[  66% ] [90m[1mreimport[22m | Preparing files to reimport...[39m[0m
[  66% ] [90m[1mreimport[22m | Preparing files to reimport...[39m[0m
[  66% ] [90m[1mreimport[22m | Preparing files to reimport...[39m[0m
[  66% ] [90m[1mreimport[22m | Preparing files to reimport...[39m[0m
[  66% ] [90m[1mreimport[22m | Preparing files to reimport...[39m[0m
[  66% ] [90m[1mreimport[22m | Preparing files to reimport...[39m[0m
[  66% ] [90m[1mreimport[22m | Preparing files to reimport...[39m[0m
[  66% ] [90m[1mreimport[22m | Preparing files to reimport...[39m[0m
[  67% ] [90m[1mreimport[22m | Preparing files to reimport...[39m[0m
[  67% ] [90m[1mreimport[22m | Preparing files to reimport...[39m[0m
[  67% ] [90m[1mreimport[22m | Preparing files to reimport...[39m[0m
[  67% ] [90m[1mreimport[22m | Preparing files to reimport...[39m[0m
[  67% ] [90m[1mreimport[22m | Preparing files to reimport...[39m[0m
[  67% ] [90m[1mreimport[22m | Preparing files to reimport...[39m[0m
[  67% ] [90m[1mreimport[22m | Preparing files to reimport...[39m[0m
[  67% ] [90m[1mreimport[22m | Preparing files to reimport...[39m[0m
[  68% ] [90m[1mreimport[22m | Preparing files to reimport...[39m[0m
[  68% ] [90m[1mreimport[22m | Preparing files to reimport...[39m[0m
[  68% ] [90m[1mreimport[22m | Preparing files to reimport...[39m[0m
[  68% ] [90m[1mreimport[22m | Preparing files to reimport...[39m[0m
[  68% ] [90m[1mreimport[22m | Preparing files to reimport...[39m[0m
[  68% ] [90m[1mreimport[22m | Preparing files to reimport...[39m[0m
[  68% ] [90m[1mreimport[22m | Preparing files to reimport...[39m[0m
[  68% ] [90m[1mreimport[22m | Preparing files to reimport...[39m[0m
[  69% ] [90m[1mreimport[22m | Preparing files to reimport...[39m[0m
[  69% ] [90m[1mreimport[22m | Preparing files to reimport...[39m[0m
[  69% ] [90m[1mreimport[22m | Preparing files to reimport...[39m[0m
[  69% ] [90m[1mreimport[22m | Preparing files to reimport...[39m[0m
[  69% ] [90m[1mreimport[22m | Preparing files to reimport...[39m[0m
[  69% ] [90m[1mreimport[22m | Preparing files to reimport...[39m[0m
[  69% ] [90m[1mreimport[22m | Preparing files to reimport...[39m[0m
[  69% ] [90m[1mreimport[22m | Preparing files to reimport...[39m[0m
[  70% ] [90m[1mreimport[22m | Preparing files to reimport...[39m[0m
[  70% ] [90m[1mreimport[22m | Preparing files to reimport...[39m[0m
[  70% ] [90m[1mreimport[22m | Preparing files to reimport...[39m[0m
[  70% ] [90m[1mreimport[22m | Preparing files to reimport...[39m[0m
[  70% ] [90m[1mreimport[22m | Preparing files to reimport...[39m[0m
[  70% ] [90m[1mreimport[22m | Preparing files to reimport...[39m[0m
[  70% ] [90m[1mreimport[22m | Preparing files to reimport...[39m[0m
[  70% ] [90m[1mreimport[22m | Preparing files to reimport...[39m[0m
[  71% ] [90m[1mreimport[22m | Preparing files to reimport...[39m[0m
[  71% ] [90m[1mreimport[22m | Preparing files to reimport...[39m[0m
[  71% ] [90m[1mreimport[22m | Preparing files to reimport...[39m[0m
[  71% ] [90m[1mreimport[22m | Preparing files to reimport...[39m[0m
[  71% ] [90m[1mreimport[22m | Preparing files to reimport...[39m[0m
[  71% ] [90m[1mreimport[22m | Preparing files to reimport...[39m[0m
[  71% ] [90m[1mreimport[22m | Preparing files to reimport...[39m[0m
[  71% ] [90m[1mreimport[22m | Preparing files to reimport...[39m[0m
[  71% ] [90m[1mreimport[22m | Preparing files to reimport...[39m[0m
[  72% ] [90m[1mreimport[22m | Preparing files to reimport...[39m[0m
[  72% ] [90m[1mreimport[22m | Preparing files to reimport...[39m[0m
[  72% ] [90m[1mreimport[22m | Preparing files to reimport...[39m[0m
[  72% ] [90m[1mreimport[22m | Preparing files to reimport...[39m[0m
[  72% ] [90m[1mreimport[22m | Preparing files to reimport...[39m[0m
[  72% ] [90m[1mreimport[22m | Preparing files to reimport...[39m[0m
[  72% ] [90m[1mreimport[22m | Preparing files to reimport...[39m[0m
[  72% ] [90m[1mreimport[22m | Preparing files to reimport...[39m[0m
[  73% ] [90m[1mreimport[22m | Preparing files to reimport...[39m[0m
[  73% ] [90m[1mreimport[22m | Preparing files to reimport...[39m[0m
[  73% ] [90m[1mreimport[22m | Preparing files to reimport...[39m[0m
[  73% ] [90m[1mreimport[22m | Preparing files to reimport...[39m[0m
[  73% ] [90m[1mreimport[22m | Preparing files to reimport...[39m[0m
[  73% ] [90m[1mreimport[22m | Preparing files to reimport...[39m[0m
[  73% ] [90m[1mreimport[22m | Preparing files to reimport...[39m[0m
[  73% ] [90m[1mreimport[22m | Preparing files to reimport...[39m[0m
[  74% ] [90m[1mreimport[22m | Preparing files to reimport...[39m[0m
[  74% ] [90m[1mreimport[22m | Preparing files to reimport...[39m[0m
[  74% ] [90m[1mreimport[22m | Preparing files to reimport...[39m[0m
[  74% ] [90m[1mreimport[22m | Preparing files to reimport...[39m[0m
[  74% ] [90m[1mreimport[22m | Preparing files to reimport...[39m[0m
[  74% ] [90m[1mreimport[22m | Preparing files to reimport...[39m[0m
[  74% ] [90m[1mreimport[22m | Preparing files to reimport...[39m[0m
[  74% ] [90m[1mreimport[22m | Preparing files to reimport...[39m[0m
[  75% ] [90m[1mreimport[22m | Preparing files to reimport...[39m[0m
[  75% ] [90m[1mreimport[22m | Preparing files to reimport...[39m[0m
[  75% ] [90m[1mreimport[22m | Preparing files to reimport...[39m[0m
[  75% ] [90m[1mreimport[22m | Preparing files to reimport...[39m[0m
[  75% ] [90m[1mreimport[22m | Preparing files to reimport...[39m[0m
[  75% ] [90m[1mreimport[22m | Preparing files to reimport...[39m[0m
[  75% ] [90m[1mreimport[22m | Preparing files to reimport...[39m[0m
[  75% ] [90m[1mreimport[22m | Preparing files to reimport...[39m[0m
[  76% ] [90m[1mreimport[22m | Preparing files to reimport...[39m[0m
[  76% ] [90m[1mreimport[22m | Preparing files to reimport...[39m[0m
[  76% ] [90m[1mreimport[22m | Preparing files to reimport...[39m[0m
[  76% ] [90m[1mreimport[22m | Preparing files to reimport...[39m[0m
[  76% ] [90m[1mreimport[22m | Preparing files to reimport...[39m[0m
[  76% ] [90m[1mreimport[22m | Preparing files to reimport...[39m[0m
[  76% ] [90m[1mreimport[22m | Preparing files to reimport...[39m[0m
[  76% ] [90m[1mreimport[22m | Preparing files to reimport...[39m[0m
[  77% ] [90m[1mreimport[22m | Preparing files to reimport...[39m[0m
[  77% ] [90m[1mreimport[22m | Preparing files to reimport...[39m[0m
[  77% ] [90m[1mreimport[22m | Preparing files to reimport...[39m[0m
[  77% ] [90m[1mreimport[22m | Preparing files to reimport...[39m[0m
[  77% ] [90m[1mreimport[22m | Preparing files to reimport...[39m[0m
[  77% ] [90m[1mreimport[22m | Preparing files to reimport...[39m[0m
[  77% ] [90m[1mreimport[22m | Preparing files to reimport...[39m[0m
[  77% ] [90m[1mreimport[22m | Preparing files to reimport...[39m[0m
[  78% ] [90m[1mreimport[22m | Preparing files to reimport...[39m[0m
[  78% ] [90m[1mreimport[22m | Preparing files to reimport...[39m[0m
[  78% ] [90m[1mreimport[22m | Preparing files to reimport...[39m[0m
[  78% ] [90m[1mreimport[22m | Preparing files to reimport...[39m[0m
[  78% ] [90m[1mreimport[22m | Preparing files to reimport...[39m[0m
[  78% ] [90m[1mreimport[22m | Preparing files to reimport...[39m[0m
[  78% ] [90m[1mreimport[22m | Preparing files to reimport...[39m[0m
[  78% ] [90m[1mreimport[22m | Preparing files to reimport...[39m[0m
[  79% ] [90m[1mreimport[22m | Preparing files to reimport...[39m[0m
[  79% ] [90m[1mreimport[22m | Preparing files to reimport...[39m[0m
[  79% ] [90m[1mreimport[22m | Preparing files to reimport...[39m[0m
[  79% ] [90m[1mreimport[22m | Preparing files to reimport...[39m[0m
[  79% ] [90m[1mreimport[22m | Preparing files to reimport...[39m[0m
[  79% ] [90m[1mreimport[22m | Preparing files to reimport...[39m[0m
[  79% ] [90m[1mreimport[22m | Preparing files to reimport...[39m[0m
[  79% ] [90m[1mreimport[22m | Preparing files to reimport...[39m[0m
[  80% ] [90m[1mreimport[22m | Preparing files to reimport...[39m[0m
[  80% ] [90m[1mreimport[22m | Preparing files to reimport...[39m[0m
[  80% ] [90m[1mreimport[22m | Preparing files to reimport...[39m[0m
[  80% ] [90m[1mreimport[22m | Preparing files to reimport...[39m[0m
[  80% ] [90m[1mreimport[22m | Preparing files to reimport...[39m[0m
[  80% ] [90m[1mreimport[22m | Preparing files to reimport...[39m[0m
[  80% ] [90m[1mreimport[22m | Preparing files to reimport...[39m[0m
[  80% ] [90m[1mreimport[22m | Preparing files to reimport...[39m[0m
[  81% ] [90m[1mreimport[22m | Preparing files to reimport...[39m[0m
[  81% ] [90m[1mreimport[22m | Preparing files to reimport...[39m[0m
[  81% ] [90m[1mreimport[22m | Preparing files to reimport...[39m[0m
[  81% ] [90m[1mreimport[22m | Preparing files to reimport...[39m[0m
[  81% ] [90m[1mreimport[22m | Preparing files to reimport...[39m[0m
[  81% ] [90m[1mreimport[22m | Preparing files to reimport...[39m[0m
[  81% ] [90m[1mreimport[22m | Preparing files to reimport...[39m[0m
[  81% ] [90m[1mreimport[22m | Preparing files to reimport...[39m[0m
[  82% ] [90m[1mreimport[22m | Preparing files to reimport...[39m[0m
[  82% ] [90m[1mreimport[22m | Preparing files to reimport...[39m[0m
[  82% ] [90m[1mreimport[22m | Preparing files to reimport...[39m[0m
[  82% ] [90m[1mreimport[22m | Preparing files to reimport...[39m[0m
[  82% ] [90m[1mreimport[22m | Preparing files to reimport...[39m[0m
[  82% ] [90m[1mreimport[22m | Preparing files to reimport...[39m[0m
[  82% ] [90m[1mreimport[22m | Preparing files to reimport...[39m[0m
[  82% ] [90m[1mreimport[22m | Preparing files to reimport...[39m[0m
[  83% ] [90m[1mreimport[22m | Preparing files to reimport...[39m[0m
[  83% ] [90m[1mreimport[22m | Preparing files to reimport...[39m[0m
[  83% ] [90m[1mreimport[22m | Preparing files to reimport...[39m[0m
[  83% ] [90m[1mreimport[22m | Preparing files to reimport...[39m[0m
[  83% ] [90m[1mreimport[22m | Preparing files to reimport...[39m[0m
[  83% ] [90m[1mreimport[22m | Preparing files to reimport...[39m[0m
[  83% ] [90m[1mreimport[22m | Preparing files to reimport...[39m[0m
[  83% ] [90m[1mreimport[22m | Preparing files to reimport...[39m[0m
[  84% ] [90m[1mreimport[22m | Preparing files to reimport...[39m[0m
[  84% ] [90m[1mreimport[22m | Preparing files to reimport...[39m[0m
[  84% ] [90m[1mreimport[22m | Preparing files to reimport...[39m[0m
[  84% ] [90m[1mreimport[22m | Preparing files to reimport...[39m[0m
[  84% ] [90m[1mreimport[22m | Preparing files to reimport...[39m[0m
[  84% ] [90m[1mreimport[22m | Preparing files to reimport...[39m[0m
[  84% ] [90m[1mreimport[22m | Preparing files to reimport...[39m[0m
[  84% ] [90m[1mreimport[22m | Preparing files to reimport...[39m[0m
[  85% ] [90m[1mreimport[22m | Preparing files to reimport...[39m[0m
[  85% ] [90m[1mreimport[22m | Preparing files to reimport...[39m[0m
[  85% ] [90m[1mreimport[22m | Preparing files to reimport...[39m[0m
[  85% ] [90m[1mreimport[22m | Preparing files to reimport...[39m[0m
[  85% ] [90m[1mreimport[22m | Preparing files to reimport...[39m[0m
[  85% ] [90m[1mreimport[22m | Preparing files to reimport...[39m[0m
[  85% ] [90m[1mreimport[22m | Preparing files to reimport...[39m[0m
[  85% ] [90m[1mreimport[22m | Preparing files to reimport...[39m[0m
[  85% ] [90m[1mreimport[22m | Preparing files to reimport...[39m[0m
[  86% ] [90m[1mreimport[22m | Preparing files to reimport...[39m[0m
[  86% ] [90m[1mreimport[22m | Preparing files to reimport...[39m[0m
[  86% ] [90m[1mreimport[22m | Preparing files to reimport...[39m[0m
[  86% ] [90m[1mreimport[22m | Preparing files to reimport...[39m[0m
[  86% ] [90m[1mreimport[22m | Preparing files to reimport...[39m[0m
[  86% ] [90m[1mreimport[22m | Preparing files to reimport...[39m[0m
[  86% ] [90m[1mreimport[22m | Preparing files to reimport...[39m[0m
[  86% ] [90m[1mreimport[22m | Preparing files to reimport...[39m[0m
[  87% ] [90m[1mreimport[22m | Preparing files to reimport...[39m[0m
[  87% ] [90m[1mreimport[22m | Preparing files to reimport...[39m[0m
[  87% ] [90m[1mreimport[22m | Preparing files to reimport...[39m[0m
[  87% ] [90m[1mreimport[22m | Preparing files to reimport...[39m[0m
[  87% ] [90m[1mreimport[22m | Preparing files to reimport...[39m[0m
[  87% ] [90m[1mreimport[22m | Preparing files to reimport...[39m[0m
[  87% ] [90m[1mreimport[22m | Preparing files to reimport...[39m[0m
[  87% ] [90m[1mreimport[22m | Preparing files to reimport...[39m[0m
[  88% ] [90m[1mreimport[22m | Preparing files to reimport...[39m[0m
[  88% ] [90m[1mreimport[22m | Preparing files to reimport...[39m[0m
[  88% ] [90m[1mreimport[22m | Preparing files to reimport...[39m[0m
[  88% ] [90m[1mreimport[22m | Preparing files to reimport...[39m[0m
[  88% ] [90m[1mreimport[22m | Preparing files to reimport...[39m[0m
[  88% ] [90m[1mreimport[22m | Preparing files to reimport...[39m[0m
[  88% ] [90m[1mreimport[22m | Preparing files to reimport...[39m[0m
[  88% ] [90m[1mreimport[22m | Preparing files to reimport...[39m[0m
[  89% ] [90m[1mreimport[22m | Preparing files to reimport...[39m[0m
[  89% ] [90m[1mreimport[22m | Preparing files to reimport...[39m[0m
[  89% ] [90m[1mreimport[22m | Preparing files to reimport...[39m[0m
[  89% ] [90m[1mreimport[22m | Preparing files to reimport...[39m[0m
[  89% ] [90m[1mreimport[22m | Preparing files to reimport...[39m[0m
[  89% ] [90m[1mreimport[22m | Preparing files to reimport...[39m[0m
[  89% ] [90m[1mreimport[22m | Preparing files to reimport...[39m[0m
[  89% ] [90m[1mreimport[22m | Preparing files to reimport...[39m[0m
[  90% ] [90m[1mreimport[22m | Preparing files to reimport...[39m[0m
[  90% ] [90m[1mreimport[22m | Preparing files to reimport...[39m[0m
[  90% ] [90m[1mreimport[22m | Preparing files to reimport...[39m[0m
[  90% ] [90m[1mreimport[22m | Preparing files to reimport...[39m[0m
[  90% ] [90m[1mreimport[22m | Preparing files to reimport...[39m[0m
[  90% ] [90m[1mreimport[22m | Preparing files to reimport...[39m[0m
[  90% ] [90m[1mreimport[22m | Preparing files to reimport...[39m[0m
[  90% ] [90m[1mreimport[22m | Preparing files to reimport...[39m[0m
[  91% ] [90m[1mreimport[22m | Preparing files to reimport...[39m[0m
[  91% ] [90m[1mreimport[22m | Preparing files to reimport...[39m[0m
[  91% ] [90m[1mreimport[22m | Preparing files to reimport...[39m[0m
[  91% ] [90m[1mreimport[22m | Preparing files to reimport...[39m[0m
[  91% ] [90m[1mreimport[22m | Preparing files to reimport...[39m[0m
[  91% ] [90m[1mreimport[22m | Preparing files to reimport...[39m[0m
[  91% ] [90m[1mreimport[22m | Preparing files to reimport...[39m[0m
[  91% ] [90m[1mreimport[22m | Preparing files to reimport...[39m[0m
[  92% ] [90m[1mreimport[22m | Preparing files to reimport...[39m[0m
[  92% ] [90m[1mreimport[22m | Preparing files to reimport...[39m[0m
[  92% ] [90m[1mreimport[22m | Preparing files to reimport...[39m[0m
[  92% ] [90m[1mreimport[22m | Preparing files to reimport...[39m[0m
[  92% ] [90m[1mreimport[22m | Preparing files to reimport...[39m[0m
[  92% ] [90m[1mreimport[22m | Preparing files to reimport...[39m[0m
[  92% ] [90m[1mreimport[22m | Preparing files to reimport...[39m[0m
[  92% ] [90m[1mreimport[22m | Preparing files to reimport...[39m[0m
[  93% ] [90m[1mreimport[22m | Preparing files to reimport...[39m[0m
[  93% ] [90m[1mreimport[22m | Preparing files to reimport...[39m[0m
[  93% ] [90m[1mreimport[22m | Preparing files to reimport...[39m[0m
[  93% ] [90m[1mreimport[22m | Preparing files to reimport...[39m[0m
[  93% ] [90m[1mreimport[22m | Preparing files to reimport...[39m[0m
[  93% ] [90m[1mreimport[22m | Preparing files to reimport...[39m[0m
[  93% ] [90m[1mreimport[22m | Preparing files to reimport...[39m[0m
[  93% ] [90m[1mreimport[22m | Preparing files to reimport...[39m[0m
[  94% ] [90m[1mreimport[22m | Preparing files to reimport...[39m[0m
[  94% ] [90m[1mreimport[22m | Preparing files to reimport...[39m[0m
[  94% ] [90m[1mreimport[22m | Preparing files to reimport...[39m[0m
[  94% ] [90m[1mreimport[22m | Preparing files to reimport...[39m[0m
[  94% ] [90m[1mreimport[22m | Preparing files to reimport...[39m[0m
[  94% ] [90m[1mreimport[22m | Preparing files to reimport...[39m[0m
[  94% ] [90m[1mreimport[22m | Preparing files to reimport...[39m[0m
[  94% ] [90m[1mreimport[22m | Preparing files to reimport...[39m[0m
[  95% ] [90m[1mreimport[22m | Preparing files to reimport...[39m[0m
[  95% ] [90m[1mreimport[22m | Preparing files to reimport...[39m[0m
[  95% ] [90m[1mreimport[22m | Preparing files to reimport...[39m[0m
[  95% ] [90m[1mreimport[22m | Preparing files to reimport...[39m[0m
[  95% ] [90m[1mreimport[22m | Preparing files to reimport...[39m[0m
[  95% ] [90m[1mreimport[22m | Preparing files to reimport...[39m[0m
[  95% ] [90m[1mreimport[22m | Preparing files to reimport...[39m[0m
[  95% ] [90m[1mreimport[22m | Preparing files to reimport...[39m[0m
[  96% ] [90m[1mreimport[22m | Preparing files to reimport...[39m[0m
[  96% ] [90m[1mreimport[22m | Preparing files to reimport...[39m[0m
[  96% ] [90m[1mreimport[22m | Preparing files to reimport...[39m[0m
[  96% ] [90m[1mreimport[22m | Preparing files to reimport...[39m[0m
[  96% ] [90m[1mreimport[22m | Preparing files to reimport...[39m[0m
[  96% ] [90m[1mreimport[22m | Preparing files to reimport...[39m[0m
[  96% ] [90m[1mreimport[22m | Preparing files to reimport...[39m[0m
[  96% ] [90m[1mreimport[22m | Preparing files to reimport...[39m[0m
[  97% ] [90m[1mreimport[22m | Preparing files to reimport...[39m[0m
[  97% ] [90m[1mreimport[22m | Preparing files to reimport...[39m[0m
[  97% ] [90m[1mreimport[22m | Preparing files to reimport...[39m[0m
[  97% ] [90m[1mreimport[22m | Preparing files to reimport...[39m[0m
[  97% ] [90m[1mreimport[22m | Preparing files to reimport...[39m[0m
[  97% ] [90m[1mreimport[22m | Preparing files to reimport...[39m[0m
[  97% ] [90m[1mreimport[22m | Preparing files to reimport...[39m[0m
[  97% ] [90m[1mreimport[22m | Preparing files to reimport...[39m[0m
[  98% ] [90m[1mreimport[22m | Preparing files to reimport...[39m[0m
[  98% ] [90m[1mreimport[22m | Preparing files to reimport...[39m[0m
[  98% ] [90m[1mreimport[22m | Preparing files to reimport...[39m[0m
[  98% ] [90m[1mreimport[22m | Preparing files to reimport...[39m[0m
[  98% ] [90m[1mreimport[22m | Preparing files to reimport...[39m[0m
[  98% ] [90m[1mreimport[22m | Preparing files to reimport...[39m[0m
[  98% ] [90m[1mreimport[22m | Preparing files to reimport...[39m[0m
[  98% ] [90m[1mreimport[22m | Preparing files to reimport...[39m[0m
[  99% ] [90m[1mreimport[22m | Preparing files to reimport...[39m[0m
[  99% ] [90m[1mreimport[22m | Preparing files to reimport...[39m[0m
[  99% ] [90m[1mreimport[22m | Preparing files to reimport...[39m[0m
[  99% ] [90m[1mreimport[22m | Preparing files to reimport...[39m[0m
[  99% ] [90m[1mreimport[22m | Preparing files to reimport...[39m[0m
[  99% ] [90m[1mreimport[22m | Preparing files to reimport...[39m[0m
[  99% ] [90m[1mreimport[22m | Preparing files to reimport...[39m[0m
[   0% ] [90m[1mreimport[22m | Executing pre-reimport operations...[39m[0m
[   0% ] [90m[1mreimport[22m | locale.csv[39m[0m
[   0% ] [90m[1mreimport[22m | FontLL.fnt[39m[0m
[   0% ] [90m[1mreimport[22m | SMB-Remastered-ArabicPixel16-Regular.ttf[39m[0m
[   0% ] [90m[1mreimport[22m | locale.csv[39m[0m
[   0% ] [90m[1mreimport[22m | FontLL.fnt[39m[0m
[   0% ] [90m[1mreimport[22m | SMB-Remastered-ArabicPixel16-Regular.ttf[39m[0m
[   0% ] [90m[1mreimport[22m | PerfectCoinHeaven.mp3[39m[0m
[   0% ] [90m[1mreimport[22m | MountainPipeCutscene.mp3[39m[0m
[   0% ] [90m[1mreimport[22m | MountainHurry.mp3[39m[0m
[   1% ] [90m[1mreimport[22m | Mountain.mp3[39m[0m
[   1% ] [90m[1mreimport[22m | LoseRace.mp3[39m[0m
[   1% ] [90m[1mreimport[22m | LevelComplete.mp3[39m[0m
[   1% ] [90m[1mreimport[22m | JunglePipeCutscene.mp3[39m[0m
[   1% ] [90m[1mreimport[22m | JungleHurry.mp3[39m[0m
[   1% ] [90m[1mreimport[22m | Jungle.mp3[39m[0m
[   1% ] [90m[1mreimport[22m | HammerHurry.mp3[39m[0m
[   1% ] [90m[1mreimport[22m | Hammer.mp3[39m[0m
[   2% ] [90m[1mreimport[22m | GhostHouseHurry.mp3[39m[0m
[   2% ] [90m[1mreimport[22m | GhostHouse.mp3[39m[0m
[   2% ] [90m[1mreimport[22m | GardenPipeCutscene.mp3[39m[0m
[   2% ] [90m[1mreimport[22m | GardenHurry.mp3[39m[0m
[   2% ] [90m[1mreimport[22m | Garden.mp3[39m[0m
[   2% ] [90m[1mreimport[22m | GameOver.mp3[39m[0m
[   2% ] [90m[1mreimport[22m | FinalBowserHurry.mp3[39m[0m
[   2% ] [90m[1mreimport[22m | FinalBowser.mp3[39m[0m
[   3% ] [90m[1mreimport[22m | Ending.mp3[39m[0m
[   3% ] [90m[1mreimport[22m | DesertPipeCutscene.mp3[39m[0m
[   3% ] [90m[1mreimport[22m | DesertHurry.mp3[39m[0m
[   3% ] [90m[1mreimport[22m | Desert.mp3[39m[0m
[   3% ] [90m[1mreimport[22m | CustomLevel.mp3[39m[0m
[   3% ] [90m[1mreimport[22m | Credits.mp3[39m[0m
[   3% ] [90m[1mreimport[22m | Volcano.mp3[39m[0m
[   3% ] [90m[1mreimport[22m | UnderwaterHurry.mp3[39m[0m
[   4% ] [90m[1mreimport[22m | Underwater.mp3[39m[0m
[   4% ] [90m[1mreimport[22m | UndergroundHurry.mp3[39m[0m
[   4% ] [90m[1mreimport[22m | Underground.mp3[39m[0m
[   4% ] [90m[1mreimport[22m | TitleSMBS.mp3[39m[0m
[   4% ] [90m[1mreimport[22m | TitleSMBLL.mp3[39m[0m
[   4% ] [90m[1mreimport[22m | TitleSMB.mp3[39m[0m
[   4% ] [90m[1mreimport[22m | TitleANN.mp3[39m[0m
[   4% ] [90m[1mreimport[22m | StarManHurry.mp3[39m[0m
[   5% ] [90m[1mreimport[22m | StarMan.mp3[39m[0m
[   5% ] [90m[1mreimport[22m | SpaceHurry.mp3[39m[0m
[   5% ] [90m[1mreimport[22m | Space.mp3[39m[0m
[   5% ] [90m[1mreimport[22m | SnowPipeCutscene.mp3[39m[0m
[   5% ] [90m[1mreimport[22m | SnowHurry.mp3[39m[0m
[   5% ] [90m[1mreimport[22m | Snow.mp3[39m[0m
[   5% ] [90m[1mreimport[22m | SMBLLEnding.mp3[39m[0m
[   5% ] [90m[1mreimport[22m | Silence.mp3[39m[0m
[   6% ] [90m[1mreimport[22m | Setup.mp3[39m[0m
[   6% ] [90m[1mreimport[22m | PSwitchHurry.mp3[39m[0m
[   6% ] [90m[1mreimport[22m | PSwitch.mp3[39m[0m
[   6% ] [90m[1mreimport[22m | PlayerDie.mp3[39m[0m
[   6% ] [90m[1mreimport[22m | PipeLandPipeCutscene.mp3[39m[0m
[   6% ] [90m[1mreimport[22m | PipeLandHurry.mp3[39m[0m
[   6% ] [90m[1mreimport[22m | PipeLand.mp3[39m[0m
[   6% ] [90m[1mreimport[22m | PipeCutscene.mp3[39m[0m
[   7% ] [90m[1mreimport[22m | ChallengeModeGive.mp3[39m[0m
[   7% ] [90m[1mreimport[22m | WinRace.mp3[39m[0m
[   7% ] [90m[1mreimport[22m | WingHurry.mp3[39m[0m
[   7% ] [90m[1mreimport[22m | Wing.mp3[39m[0m
[   7% ] [90m[1mreimport[22m | VolcanoHurry.mp3[39m[0m
[   7% ] [90m[1mreimport[22m | Achievements.mp3[39m[0m
[   7% ] [90m[1mreimport[22m | Airship.mp3[39m[0m
[   7% ] [90m[1mreimport[22m | AirshipHurry.mp3[39m[0m
[   8% ] [90m[1mreimport[22m | Athletic.mp3[39m[0m
[   8% ] [90m[1mreimport[22m | AthleticHurry.mp3[39m[0m
[   8% ] [90m[1mreimport[22m | Autumn.mp3[39m[0m
[   8% ] [90m[1mreimport[22m | AutumnHurry.mp3[39m[0m
[   8% ] [90m[1mreimport[22m | AutumnPipeCutscene.mp3[39m[0m
[   8% ] [90m[1mreimport[22m | Beach.mp3[39m[0m
[   8% ] [90m[1mreimport[22m | BeachHurry.mp3[39m[0m
[   8% ] [90m[1mreimport[22m | BeachPipeCutscene.mp3[39m[0m
[   9% ] [90m[1mreimport[22m | CoinHeavenHurry.mp3[39m[0m
[   9% ] [90m[1mreimport[22m | CoinHeaven.mp3[39m[0m
[   9% ] [90m[1mreimport[22m | ChallengeResults.mp3[39m[0m
[   9% ] [90m[1mreimport[22m | ChallengeFail.mp3[39m[0m
[   9% ] [90m[1mreimport[22m | ChallengeEnd.mp3[39m[0m
[   9% ] [90m[1mreimport[22m | CastleWaterHurry.mp3[39m[0m
[   9% ] [90m[1mreimport[22m | CastleWater.mp3[39m[0m
[   9% ] [90m[1mreimport[22m | CastleHurry.mp3[39m[0m
[  10% ] [90m[1mreimport[22m | CastleComplete.mp3[39m[0m
[  10% ] [90m[1mreimport[22m | Castle.mp3[39m[0m
[  10% ] [90m[1mreimport[22m | BowserHurry.mp3[39m[0m
[  10% ] [90m[1mreimport[22m | Bowser.mp3[39m[0m
[  10% ] [90m[1mreimport[22m | BooRaceHurry.mp3[39m[0m
[  10% ] [90m[1mreimport[22m | BooRace.mp3[39m[0m
[  10% ] [90m[1mreimport[22m | locale.csv[39m[0m
[  10% ] [90m[1mreimport[22m | FontLL.fnt[39m[0m
[  11% ] [90m[1mreimport[22m | SMB-Remastered-ArabicPixel16-Regular.ttf[39m[0m
[  11% ] [90m[1mreimport[22m | PerfectCoinHeaven.mp3[39m[0m
[  11% ] [90m[1mreimport[22m | MountainPipeCutscene.mp3[39m[0m
[  11% ] [90m[1mreimport[22m | MountainHurry.mp3[39m[0m
[  11% ] [90m[1mreimport[22m | Mountain.mp3[39m[0m
[  11% ] [90m[1mreimport[22m | LoseRace.mp3[39m[0m
[  11% ] [90m[1mreimport[22m | LevelComplete.mp3[39m[0m
[  11% ] [90m[1mreimport[22m | JunglePipeCutscene.mp3[39m[0m
[  12% ] [90m[1mreimport[22m | JungleHurry.mp3[39m[0m
[  12% ] [90m[1mreimport[22m | Jungle.mp3[39m[0m
[  12% ] [90m[1mreimport[22m | HammerHurry.mp3[39m[0m
[  12% ] [90m[1mreimport[22m | Hammer.mp3[39m[0m
[  12% ] [90m[1mreimport[22m | GhostHouseHurry.mp3[39m[0m
[  12% ] [90m[1mreimport[22m | GhostHouse.mp3[39m[0m
[  12% ] [90m[1mreimport[22m | GardenPipeCutscene.mp3[39m[0m
[  12% ] [90m[1mreimport[22m | GardenHurry.mp3[39m[0m
[  13% ] [90m[1mreimport[22m | Garden.mp3[39m[0m
[  13% ] [90m[1mreimport[22m | GameOver.mp3[39m[0m
[  13% ] [90m[1mreimport[22m | FinalBowserHurry.mp3[39m[0m
[  13% ] [90m[1mreimport[22m | FinalBowser.mp3[39m[0m
[  13% ] [90m[1mreimport[22m | Ending.mp3[39m[0m
[  13% ] [90m[1mreimport[22m | DesertPipeCutscene.mp3[39m[0m
[  13% ] [90m[1mreimport[22m | DesertHurry.mp3[39m[0m
[  13% ] [90m[1mreimport[22m | Desert.mp3[39m[0m
[  14% ] [90m[1mreimport[22m | CustomLevel.mp3[39m[0m
[  14% ] [90m[1mreimport[22m | Credits.mp3[39m[0m
[  14% ] [90m[1mreimport[22m | Volcano.mp3[39m[0m
[  14% ] [90m[1mreimport[22m | UnderwaterHurry.mp3[39m[0m
[  14% ] [90m[1mreimport[22m | Underwater.mp3[39m[0m
[  14% ] [90m[1mreimport[22m | UndergroundHurry.mp3[39m[0m
[  14% ] [90m[1mreimport[22m | Underground.mp3[39m[0m
[  14% ] [90m[1mreimport[22m | TitleSMBS.mp3[39m[0m
[  14% ] [90m[1mreimport[22m | TitleSMBLL.mp3[39m[0m
[  15% ] [90m[1mreimport[22m | TitleSMB.mp3[39m[0m
[  15% ] [90m[1mreimport[22m | TitleANN.mp3[39m[0m
[  15% ] [90m[1mreimport[22m | StarManHurry.mp3[39m[0m
[  15% ] [90m[1mreimport[22m | StarMan.mp3[39m[0m
[  15% ] [90m[1mreimport[22m | SpaceHurry.mp3[39m[0m
[  15% ] [90m[1mreimport[22m | Space.mp3[39m[0m
[  15% ] [90m[1mreimport[22m | SnowPipeCutscene.mp3[39m[0m
[  15% ] [90m[1mreimport[22m | SnowHurry.mp3[39m[0m
[  16% ] [90m[1mreimport[22m | Snow.mp3[39m[0m
[  16% ] [90m[1mreimport[22m | SMBLLEnding.mp3[39m[0m
[  16% ] [90m[1mreimport[22m | Silence.mp3[39m[0m
[  16% ] [90m[1mreimport[22m | Setup.mp3[39m[0m
[  16% ] [90m[1mreimport[22m | PSwitchHurry.mp3[39m[0m
[  16% ] [90m[1mreimport[22m | PSwitch.mp3[39m[0m
[  16% ] [90m[1mreimport[22m | PlayerDie.mp3[39m[0m
[  16% ] [90m[1mreimport[22m | PipeLandPipeCutscene.mp3[39m[0m
[  17% ] [90m[1mreimport[22m | PipeLandHurry.mp3[39m[0m
[  17% ] [90m[1mreimport[22m | PipeLand.mp3[39m[0m
[  17% ] [90m[1mreimport[22m | PipeCutscene.mp3[39m[0m
[  17% ] [90m[1mreimport[22m | ChallengeModeGive.mp3[39m[0m
[  17% ] [90m[1mreimport[22m | WinRace.mp3[39m[0m
[  17% ] [90m[1mreimport[22m | WingHurry.mp3[39m[0m
[  17% ] [90m[1mreimport[22m | Wing.mp3[39m[0m
[  17% ] [90m[1mreimport[22m | VolcanoHurry.mp3[39m[0m
[  18% ] [90m[1mreimport[22m | Achievements.mp3[39m[0m
[  18% ] [90m[1mreimport[22m | Airship.mp3[39m[0m
[  18% ] [90m[1mreimport[22m | AirshipHurry.mp3[39m[0m
[  18% ] [90m[1mreimport[22m | Athletic.mp3[39m[0m
[  18% ] [90m[1mreimport[22m | AthleticHurry.mp3[39m[0m
[  18% ] [90m[1mreimport[22m | Autumn.mp3[39m[0m
[  18% ] [90m[1mreimport[22m | AutumnHurry.mp3[39m[0m
[  18% ] [90m[1mreimport[22m | AutumnPipeCutscene.mp3[39m[0m
[  19% ] [90m[1mreimport[22m | Beach.mp3[39m[0m
[  19% ] [90m[1mreimport[22m | BeachHurry.mp3[39m[0m
[  19% ] [90m[1mreimport[22m | BeachPipeCutscene.mp3[39m[0m
[  19% ] [90m[1mreimport[22m | CoinHeavenHurry.mp3[39m[0m
[  19% ] [90m[1mreimport[22m | CoinHeaven.mp3[39m[0m
[  19% ] [90m[1mreimport[22m | ChallengeResults.mp3[39m[0m
[  19% ] [90m[1mreimport[22m | ChallengeFail.mp3[39m[0m
[  19% ] [90m[1mreimport[22m | ChallengeEnd.mp3[39m[0m
[  20% ] [90m[1mreimport[22m | CastleWaterHurry.mp3[39m[0m
[  20% ] [90m[1mreimport[22m | CastleWater.mp3[39m[0m
[  20% ] [90m[1mreimport[22m | CastleHurry.mp3[39m[0m
[  20% ] [90m[1mreimport[22m | CastleComplete.mp3[39m[0m
[  20% ] [90m[1mreimport[22m | Castle.mp3[39m[0m
[  20% ] [90m[1mreimport[22m | BowserHurry.mp3[39m[0m
[  20% ] [90m[1mreimport[22m | Bowser.mp3[39m[0m
[  20% ] [90m[1mreimport[22m | BooRaceHurry.mp3[39m[0m
[  21% ] [90m[1mreimport[22m | BooRace.mp3[39m[0m
[  21% ] [90m[1mreimport[22m | BooMenu.mp3[39m[0m
[  21% ] [90m[1mreimport[22m | BonusHurry.mp3[39m[0m
[  21% ] [90m[1mreimport[22m | Bonus.mp3[39m[0m
[  21% ] [90m[1mreimport[22m | Volcano.png[39m[0m
[  21% ] [90m[1mreimport[22m | Big.png[39m[0m
[  21% ] [90m[1mreimport[22m | CharacterColour.png[39m[0m
[  21% ] [90m[1mreimport[22m | CheckpointFlag.png[39m[0m
[  22% ] [90m[1mreimport[22m | ColourPalette.png[39m[0m
[  22% ] [90m[1mreimport[22m | Fire.png[39m[0m
[  22% ] [90m[1mreimport[22m | LifeIcon.png[39m[0m
[  22% ] [90m[1mreimport[22m | Small.png[39m[0m
[  22% ] [90m[1mreimport[22m | Big.png[39m[0m
[  22% ] [90m[1mreimport[22m | Underwater.png[39m[0m
[  22% ] [90m[1mreimport[22m | Underground.png[39m[0m
[  22% ] [90m[1mreimport[22m | Space.png[39m[0m
[  23% ] [90m[1mreimport[22m | Snow.png[39m[0m
[  23% ] [90m[1mreimport[22m | Overworld.png[39m[0m
[  23% ] [90m[1mreimport[22m | Mountain.png[39m[0m
[  23% ] [90m[1mreimport[22m | Jungle.png[39m[0m
[  23% ] [90m[1mreimport[22m | Desert.png[39m[0m
[  23% ] [90m[1mreimport[22m | Castle.png[39m[0m
[  23% ] [90m[1mreimport[22m | Beach.png[39m[0m
[  23% ] [90m[1mreimport[22m | BarrelDestructionParticle.png[39m[0m
[  24% ] [90m[1mreimport[22m | BlueCoinSparkle.png[39m[0m
[  24% ] [90m[1mreimport[22m | BridgeDestructionParticle.png[39m[0m
[  24% ] [90m[1mreimport[22m | CoinSparkle.png[39m[0m
[  24% ] [90m[1mreimport[22m | DesertWind.png[39m[0m
[  24% ] [90m[1mreimport[22m | DryBonesDestructionParticles.png[39m[0m
[  24% ] [90m[1mreimport[22m | FireballExplosion.png[39m[0m
[  24% ] [90m[1mreimport[22m | FireWind.png[39m[0m
[  24% ] [90m[1mreimport[22m | Firework.png[39m[0m
[  25% ] [90m[1mreimport[22m | FlipBlockDestructionParticles.png[39m[0m
[  25% ] [90m[1mreimport[22m | GoldParticles.png[39m[0m
[  25% ] [90m[1mreimport[22m | IcicleDestructionParticles.png[39m[0m
[  25% ] [90m[1mreimport[22m | Leaves.png[39m[0m
[  25% ] [90m[1mreimport[22m | MusicNotes.png[39m[0m
[  25% ] [90m[1mreimport[22m | QuestionBlockDestructionParticles.png[39m[0m
[  25% ] [90m[1mreimport[22m | RankParticles.png[39m[0m
[  25% ] [90m[1mreimport[22m | RedCoinSparkle.png[39m[0m
[  26% ] [90m[1mreimport[22m | ShadowColours.png[39m[0m
[  26% ] [90m[1mreimport[22m | SkidParticles.png[39m[0m
[  26% ] [90m[1mreimport[22m | Snow.png[39m[0m
[  26% ] [90m[1mreimport[22m | SnowWind.png[39m[0m
[  26% ] [90m[1mreimport[22m | SpikeBallDestructionParticles.png[39m[0m
[  26% ] [90m[1mreimport[22m | WaterWind.png[39m[0m
[  26% ] [90m[1mreimport[22m | YoshiEggShell.png[39m[0m
[  26% ] [90m[1mreimport[22m | Autumn.png[39m[0m
[  27% ] [90m[1mreimport[22m | AirshipDeco.png[39m[0m
[  27% ] [90m[1mreimport[22m | AirshipDecoLL.png[39m[0m
[  27% ] [90m[1mreimport[22m | AutumnDeco.png[39m[0m
[  27% ] [90m[1mreimport[22m | AutumnDecoLL.png[39m[0m
[  27% ] [90m[1mreimport[22m | BeachDeco.png[39m[0m
[  27% ] [90m[1mreimport[22m | BeachDecoLL.png[39m[0m
[  27% ] [90m[1mreimport[22m | BonusDeco.png[39m[0m
[  27% ] [90m[1mreimport[22m | BonusDecoLL.png[39m[0m
[  28% ] [90m[1mreimport[22m | CastleDeco.png[39m[0m
[  28% ] [90m[1mreimport[22m | CastleDecoLL.png[39m[0m
[  28% ] [90m[1mreimport[22m | CastleWaterDeco.png[39m[0m
[  28% ] [90m[1mreimport[22m | CastleWaterLLDeco.png[39m[0m
[  28% ] [90m[1mreimport[22m | DecoTemplate.png[39m[0m
[  28% ] [90m[1mreimport[22m | DesertDeco.png[39m[0m
[  28% ] [90m[1mreimport[22m | DesertDecoANN.png[39m[0m
[  28% ] [90m[1mreimport[22m | DesertDecoLL.png[39m[0m
[  28% ] [90m[1mreimport[22m | GardenDeco.png[39m[0m
[  29% ] [90m[1mreimport[22m | GardenDecoLL.png[39m[0m
[  29% ] [90m[1mreimport[22m | GhostHouseDeco.png[39m[0m
[  29% ] [90m[1mreimport[22m | GhostHouseDecoLL.png[39m[0m
[  29% ] [90m[1mreimport[22m | JungleDeco.png[39m[0m
[  29% ] [90m[1mreimport[22m | JungleDecoANN.png[39m[0m
[  29% ] [90m[1mreimport[22m | CharacterColour.png[39m[0m
[  29% ] [90m[1mreimport[22m | CheckpointFlag.png[39m[0m
[  29% ] [90m[1mreimport[22m | ColourPalette.png[39m[0m
[  30% ] [90m[1mreimport[22m | Fire.png[39m[0m
[  30% ] [90m[1mreimport[22m | Small.png[39m[0m
[  30% ] [90m[1mreimport[22m | CharacterColour.png[39m[0m
[  30% ] [90m[1mreimport[22m | CheckpointFlag.png[39m[0m
[  30% ] [90m[1mreimport[22m | ColourPalette.png[39m[0m
[  30% ] [90m[1mreimport[22m | Fire.png[39m[0m
[  30% ] [90m[1mreimport[22m | LifeIcon.png[39m[0m
[  30% ] [90m[1mreimport[22m | Big.png[39m[0m
[  31% ] [90m[1mreimport[22m | CharacterColour.png[39m[0m
[  31% ] [90m[1mreimport[22m | CheckpointFlag.png[39m[0m
[  31% ] [90m[1mreimport[22m | ColourPalette.png[39m[0m
[  31% ] [90m[1mreimport[22m | Fire.png[39m[0m
[  31% ] [90m[1mreimport[22m | LifeIcon.png[39m[0m
[  31% ] [90m[1mreimport[22m | Small.png[39m[0m
[  31% ] [90m[1mreimport[22m | DiscoNPCs.png[39m[0m
[  31% ] [90m[1mreimport[22m | Peach.png[39m[0m
[  32% ] [90m[1mreimport[22m | ToadNPC.png[39m[0m
[  32% ] [90m[1mreimport[22m | ToadNPCLL.png[39m[0m
[  32% ] [90m[1mreimport[22m | ToadNPCSP.png[39m[0m
[  32% ] [90m[1mreimport[22m | Yoshi.png[39m[0m
[  32% ] [90m[1mreimport[22m | Barrel.png[39m[0m
[  32% ] [90m[1mreimport[22m | Blooper.png[39m[0m
[  32% ] [90m[1mreimport[22m | BobOmb.png[39m[0m
[  32% ] [90m[1mreimport[22m | Boo.png[39m[0m
[  33% ] [90m[1mreimport[22m | BooBuddy.png[39m[0m
[  33% ] [90m[1mreimport[22m | Bowser.png[39m[0m
[  33% ] [90m[1mreimport[22m | BowsersBro.png[39m[0m
[  33% ] [90m[1mreimport[22m | BulletBill.png[39m[0m
[  33% ] [90m[1mreimport[22m | BuzzyBeetle.png[39m[0m
[  33% ] [90m[1mreimport[22m | CannonBall.png[39m[0m
[  33% ] [90m[1mreimport[22m | CheepCheep.png[39m[0m
[  33% ] [90m[1mreimport[22m | DiscoGoomba.png[39m[0m
[  34% ] [90m[1mreimport[22m | DiscoPiranha.png[39m[0m
[  34% ] [90m[1mreimport[22m | DryBones.png[39m[0m
[  34% ] [90m[1mreimport[22m | FighterFly.png[39m[0m
[  34% ] [90m[1mreimport[22m | Fireball.png[39m[0m
[  34% ] [90m[1mreimport[22m | Goomba.png[39m[0m
[  34% ] [90m[1mreimport[22m | Goombrat.png[39m[0m
[  34% ] [90m[1mreimport[22m | Grinder.png[39m[0m
[  34% ] [90m[1mreimport[22m | HammerBro.png[39m[0m
[  35% ] [90m[1mreimport[22m | Icicle.png[39m[0m
[  35% ] [90m[1mreimport[22m | KoopaTroopa.png[39m[0m
[  35% ] [90m[1mreimport[22m | ChunkDisplay.png[39m[0m
[  35% ] [90m[1mreimport[22m | Enemy.svg[39m[0m
[  35% ] [90m[1mreimport[22m | FireBar.png[39m[0m
[  35% ] [90m[1mreimport[22m | GeneratorStop.png[39m[0m
[  35% ] [90m[1mreimport[22m | GhostTile.png[39m[0m
[  35% ] [90m[1mreimport[22m | GravityInverter.png[39m[0m
[  36% ] [90m[1mreimport[22m | LargeCastle.png[39m[0m
[  36% ] [90m[1mreimport[22m | Level.svg[39m[0m
[  36% ] [90m[1mreimport[22m | MoonGravity.png[39m[0m
[  36% ] [90m[1mreimport[22m | NoteBlockNotes.png[39m[0m
[  36% ] [90m[1mreimport[22m | Pipe.svg[39m[0m
[  36% ] [90m[1mreimport[22m | PipeArea.png[39m[0m
[  36% ] [90m[1mreimport[22m | PipeDirections.png[39m[0m
[  36% ] [90m[1mreimport[22m | PipeGenerator.png[39m[0m
[  37% ] [90m[1mreimport[22m | PipeSmall.png[39m[0m
[  37% ] [90m[1mreimport[22m | PlayerStartMarker.png[39m[0m
[  37% ] [90m[1mreimport[22m | RotationIcon.png[39m[0m
[  37% ] [90m[1mreimport[22m | ScrollerIcon.png[39m[0m
[  37% ] [90m[1mreimport[22m | SmallCastle.png[39m[0m
[  37% ] [90m[1mreimport[22m | TerrainIcon.png[39m[0m
[  37% ] [90m[1mreimport[22m | TextLabel.png[39m[0m
[  37% ] [90m[1mreimport[22m | TrackRider.png[39m[0m
[  38% ] [90m[1mreimport[22m | WindGenerator.png[39m[0m
[  38% ] [90m[1mreimport[22m | DiscoStar.png[39m[0m
[  38% ] [90m[1mreimport[22m | Fireball.png[39m[0m
[  38% ] [90m[1mreimport[22m | FireFlower.png[39m[0m
[  38% ] [90m[1mreimport[22m | FireFlowerSpecial.png[39m[0m
[  38% ] [90m[1mreimport[22m | Hammer.png[39m[0m
[  38% ] [90m[1mreimport[22m | Key.png[39m[0m
[  38% ] [90m[1mreimport[22m | LostLevelsDoor.png[39m[0m
[  39% ] [90m[1mreimport[22m | PoisonMushroom.png[39m[0m
[  39% ] [90m[1mreimport[22m | PoisonMushroomLL.png[39m[0m
[  39% ] [90m[1mreimport[22m | PSwitch.png[39m[0m
[  39% ] [90m[1mreimport[22m | RedCoin.png[39m[0m
[  39% ] [90m[1mreimport[22m | SpikeBall.png[39m[0m
[  39% ] [90m[1mreimport[22m | SpinningCoin.png[39m[0m
[  39% ] [90m[1mreimport[22m | SPItems.png[39m[0m
[  39% ] [90m[1mreimport[22m | StaticCoin.png[39m[0m
[  40% ] [90m[1mreimport[22m | SuperMushroom.png[39m[0m
[  40% ] [90m[1mreimport[22m | SuperStar.png[39m[0m
[  40% ] [90m[1mreimport[22m | Vine.png[39m[0m
[  40% ] [90m[1mreimport[22m | Wings.png[39m[0m
[  40% ] [90m[1mreimport[22m | WrenchProjectile.png[39m[0m
[  40% ] [90m[1mreimport[22m | YoshiEgg.png[39m[0m
[  40% ] [90m[1mreimport[22m | AutumnLeaves.png[39m[0m
[  40% ] [90m[1mreimport[22m | Lakitu.png[39m[0m
[  41% ] [90m[1mreimport[22m | LakituCloud.png[39m[0m
[  41% ] [90m[1mreimport[22m | MontyMole.png[39m[0m
[  41% ] [90m[1mreimport[22m | Muncher.png[39m[0m
[  41% ] [90m[1mreimport[22m | PiranhaPlant.png[39m[0m
[  41% ] [90m[1mreimport[22m | Podoboo.png[39m[0m
[  41% ] [90m[1mreimport[22m | Pokey.png[39m[0m
[  41% ] [90m[1mreimport[22m | RaceBoo.png[39m[0m
[  41% ] [90m[1mreimport[22m | RedPiranhaPlant.png[39m[0m
[  42% ] [90m[1mreimport[22m | RockyWrench.png[39m[0m
[  42% ] [90m[1mreimport[22m | SideStepper.png[39m[0m
[  42% ] [90m[1mreimport[22m | Sigebou.png[39m[0m
[  42% ] [90m[1mreimport[22m | Spike.png[39m[0m
[  42% ] [90m[1mreimport[22m | Spiny.png[39m[0m
[  42% ] [90m[1mreimport[22m | TestRaceBoo.png[39m[0m
[  42% ] [90m[1mreimport[22m | Thwomp.png[39m[0m
[  42% ] [90m[1mreimport[22m | 1UP.png[39m[0m
[  42% ] [90m[1mreimport[22m | BlueCoin.png[39m[0m
[  43% ] [90m[1mreimport[22m | BowserFlame.png[39m[0m
[  43% ] [90m[1mreimport[22m | BridgeAxe.png[39m[0m
[  43% ] [90m[1mreimport[22m | CheckpointFlag.png[39m[0m
[  43% ] [90m[1mreimport[22m | Clock.png[39m[0m
[  43% ] [90m[1mreimport[22m | DiscoAxe.png[39m[0m
[  43% ] [90m[1mreimport[22m | YouVsBooPT.png[39m[0m
[  43% ] [90m[1mreimport[22m | YouVsBooRU.png[39m[0m
[  43% ] [90m[1mreimport[22m | YouVsBooTR.png[39m[0m
[  44% ] [90m[1mreimport[22m | AchievementBG.png[39m[0m
[  44% ] [90m[1mreimport[22m | AchievementIcons.png[39m[0m
[  44% ] [90m[1mreimport[22m | BooIcon.png[39m[0m
[  44% ] [90m[1mreimport[22m | BooMenuBG.png[39m[0m
[  44% ] [90m[1mreimport[22m | BooPanel.png[39m[0m
[  44% ] [90m[1mreimport[22m | BooRaceSelection.png[39m[0m
[  44% ] [90m[1mreimport[22m | BooWarning.png[39m[0m
[  44% ] [90m[1mreimport[22m | CampaignIcons.png[39m[0m
[  45% ] [90m[1mreimport[22m | ChallengeMedals.png[39m[0m
[  45% ] [90m[1mreimport[22m | ChallengeResultsArrow.png[39m[0m
[  45% ] [90m[1mreimport[22m | ChallengeResultsPanel.png[39m[0m
[  45% ] [90m[1mreimport[22m | ChallengeResultsTemplate.png[39m[0m
[  45% ] [90m[1mreimport[22m | CharacterSelectSpotlight.png[39m[0m
[  45% ] [90m[1mreimport[22m | Checkbox.png[39m[0m
[  45% ] [90m[1mreimport[22m | CheckboxbutSmall.png[39m[0m
[  45% ] [90m[1mreimport[22m | CheckpointIcon.png[39m[0m
[  46% ] [90m[1mreimport[22m | ControllerOverlay.png[39m[0m
[  46% ] [90m[1mreimport[22m | CustomLevelActionIcon.png[39m[0m
[  46% ] [90m[1mreimport[22m | CustomLevelBG.png[39m[0m
[  46% ] [90m[1mreimport[22m | OnOffPlatform.png[39m[0m
[  46% ] [90m[1mreimport[22m | PDoors.png[39m[0m
[  46% ] [90m[1mreimport[22m | Platform.png[39m[0m
[  46% ] [90m[1mreimport[22m | VerticalDottedLine.png[39m[0m
[  46% ] [90m[1mreimport[22m | 1.png[39m[0m
[  47% ] [90m[1mreimport[22m | 2.png[39m[0m
[  47% ] [90m[1mreimport[22m | 3.png[39m[0m
[  47% ] [90m[1mreimport[22m | 4.png[39m[0m
[  47% ] [90m[1mreimport[22m | 5.png[39m[0m
[  47% ] [90m[1mreimport[22m | 6.png[39m[0m
[  47% ] [90m[1mreimport[22m | 7.png[39m[0m
[  47% ] [90m[1mreimport[22m | 8.png[39m[0m
[  47% ] [90m[1mreimport[22m | 9.png[39m[0m
[  48% ] [90m[1mreimport[22m | YouVsBooDE.png[39m[0m
[  48% ] [90m[1mreimport[22m | YouVsBooES.png[39m[0m
[  48% ] [90m[1mreimport[22m | YouVsBooFIL.png[39m[0m
[  48% ] [90m[1mreimport[22m | YouVsBooFR.png[39m[0m
[  48% ] [90m[1mreimport[22m | YouVsBooGA.png[39m[0m
[  48% ] [90m[1mreimport[22m | YouVsBooID.png[39m[0m
[  48% ] [90m[1mreimport[22m | YouVsBooIT.png[39m[0m
[  48% ] [90m[1mreimport[22m | YouVsBooJP.png[39m[0m
[  49% ] [90m[1mreimport[22m | YouVsBooPL.png[39m[0m
[  49% ] [90m[1mreimport[22m | ScrollBar.png[39m[0m
[  49% ] [90m[1mreimport[22m | SelectionCursor.png[39m[0m
[  49% ] [90m[1mreimport[22m | SpeechBubble.png[39m[0m
[  49% ] [90m[1mreimport[22m | SpinBoxArrows.png[39m[0m
[  49% ] [90m[1mreimport[22m | Staff.png[39m[0m
[  49% ] [90m[1mreimport[22m | Tab.png[39m[0m
[  49% ] [90m[1mreimport[22m | TabSelected.png[39m[0m
[  50% ] [90m[1mreimport[22m | ThemeIconsDay.png[39m[0m
[  50% ] [90m[1mreimport[22m | ThemeIconsNight.png[39m[0m
[  50% ] [90m[1mreimport[22m | TimerIcons.png[39m[0m
[  50% ] [90m[1mreimport[22m | Title2.png[39m[0m
[  50% ] [90m[1mreimport[22m | TitleScreenStars.png[39m[0m
[  50% ] [90m[1mreimport[22m | TitleScreenStarsPanel.png[39m[0m
[  50% ] [90m[1mreimport[22m | TitleSMB1.png[39m[0m
[  50% ] [90m[1mreimport[22m | TitleSMBANN.png[39m[0m
[  51% ] [90m[1mreimport[22m | TitleSMBLL.png[39m[0m
[  51% ] [90m[1mreimport[22m | TitleSMBS.png[39m[0m
[  51% ] [90m[1mreimport[22m | YouVsBoo.png[39m[0m
[  51% ] [90m[1mreimport[22m | app-icon-192-4.png[39m[0m
[  51% ] [90m[1mreimport[22m | app-icon-192-alternative-2.png[39m[0m
[  51% ] [90m[1mreimport[22m | icon32.png[39m[0m
[  51% ] [90m[1mreimport[22m | icon.png[39m[0m
[  51% ] [90m[1mreimport[22m | DifficultyStars.png[39m[0m
[  52% ] [90m[1mreimport[22m | EditorButtons.png[39m[0m
[  52% ] [90m[1mreimport[22m | EditorGrid.png[39m[0m
[  52% ] [90m[1mreimport[22m | EditorGridSmall.png[39m[0m
[  52% ] [90m[1mreimport[22m | EditorIcons.png[39m[0m
[  52% ] [90m[1mreimport[22m | EditorKeybinds.png[39m[0m
[  52% ] [90m[1mreimport[22m | EditorOptionButtonIcon.png[39m[0m
[  52% ] [90m[1mreimport[22m | EggMedals.png[39m[0m
[  52% ] [90m[1mreimport[22m | FontJPOld.png[39m[0m
[  53% ] [90m[1mreimport[22m | GameStyles.png[39m[0m
[  53% ] [90m[1mreimport[22m | ItemReserve.png[39m[0m
[  53% ] [90m[1mreimport[22m | KeyIcon.png[39m[0m
[  53% ] [90m[1mreimport[22m | LoadingIcon.png[39m[0m
[  53% ] [90m[1mreimport[22m | Logos.png[39m[0m
[  53% ] [90m[1mreimport[22m | LSSIcon.png[39m[0m
[  53% ] [90m[1mreimport[22m | LSSRatingStars.png[39m[0m
[  53% ] [90m[1mreimport[22m | MenuBG.png[39m[0m
[  54% ] [90m[1mreimport[22m | MenuBorder.png[39m[0m
[  54% ] [90m[1mreimport[22m | PanelHover.png[39m[0m
[  54% ] [90m[1mreimport[22m | PeachMessageTemplate.png[39m[0m
[  54% ] [90m[1mreimport[22m | PipeArrow.png[39m[0m
[  54% ] [90m[1mreimport[22m | QuestSelect.png[39m[0m
[  54% ] [90m[1mreimport[22m | RaceCountdown.png[39m[0m
[  54% ] [90m[1mreimport[22m | Beach.png[39m[0m
[  54% ] [90m[1mreimport[22m | BeachLL.png[39m[0m
[  55% ] [90m[1mreimport[22m | BeachSP.png[39m[0m
[  55% ] [90m[1mreimport[22m | Bonus.png[39m[0m
[  55% ] [90m[1mreimport[22m | BonusLL.png[39m[0m
[  55% ] [90m[1mreimport[22m | Castle.png[39m[0m
[  55% ] [90m[1mreimport[22m | CastleANN.png[39m[0m
[  55% ] [90m[1mreimport[22m | CastleLL.png[39m[0m
[  55% ] [90m[1mreimport[22m | CastleWater.png[39m[0m
[  55% ] [90m[1mreimport[22m | CastleWaterANN.png[39m[0m
[  56% ] [90m[1mreimport[22m | CastleWaterLL.png[39m[0m
[  56% ] [90m[1mreimport[22m | CastleWaterSP.png[39m[0m
[  56% ] [90m[1mreimport[22m | Desert.png[39m[0m
[  56% ] [90m[1mreimport[22m | DesertANN.png[39m[0m
[  56% ] [90m[1mreimport[22m | DesertLL.png[39m[0m
[  56% ] [90m[1mreimport[22m | DesertSP.png[39m[0m
[  56% ] [90m[1mreimport[22m | Garden.png[39m[0m
[  56% ] [90m[1mreimport[22m | GardenLL.png[39m[0m
[  57% ] [90m[1mreimport[22m | GardenSP.png[39m[0m
[  57% ] [90m[1mreimport[22m | GhostHouse.png[39m[0m
[  57% ] [90m[1mreimport[22m | GhostHouseLL.png[39m[0m
[  57% ] [90m[1mreimport[22m | Jungle.png[39m[0m
[  57% ] [90m[1mreimport[22m | JungleDecoLL.png[39m[0m
[  57% ] [90m[1mreimport[22m | MountainDeco.png[39m[0m
[  57% ] [90m[1mreimport[22m | MountainDecoLL.png[39m[0m
[  57% ] [90m[1mreimport[22m | OverworldDeco.png[39m[0m
[  57% ] [90m[1mreimport[22m | OverworldDecoANN.png[39m[0m
[  58% ] [90m[1mreimport[22m | OverworldDecoLL.png[39m[0m
[  58% ] [90m[1mreimport[22m | PipeLandDeco.png[39m[0m
[  58% ] [90m[1mreimport[22m | SkyDeco.png[39m[0m
[  58% ] [90m[1mreimport[22m | SkyDecoLL.png[39m[0m
[  58% ] [90m[1mreimport[22m | SnowDeco.png[39m[0m
[  58% ] [90m[1mreimport[22m | SnowDecoANN.png[39m[0m
[  58% ] [90m[1mreimport[22m | SnowDecoLL.png[39m[0m
[  58% ] [90m[1mreimport[22m | SpaceDeco.png[39m[0m
[  59% ] [90m[1mreimport[22m | UndergroundDeco.png[39m[0m
[  59% ] [90m[1mreimport[22m | UndergroundDecoANN.png[39m[0m
[  59% ] [90m[1mreimport[22m | UndergroundDecoLL.png[39m[0m
[  59% ] [90m[1mreimport[22m | UnderwaterDeco.png[39m[0m
[  59% ] [90m[1mreimport[22m | VolcanoDeco.png[39m[0m
[  59% ] [90m[1mreimport[22m | VolcanoDecoLL.png[39m[0m
[  59% ] [90m[1mreimport[22m | Airship.png[39m[0m
[  59% ] [90m[1mreimport[22m | AirshipLL.png[39m[0m
[  60% ] [90m[1mreimport[22m | Autumn.png[39m[0m
[  60% ] [90m[1mreimport[22m | AutumnLL.png[39m[0m
[  60% ] [90m[1mreimport[22m | UnderwaterANN.png[39m[0m
[  60% ] [90m[1mreimport[22m | UnderwaterLL.png[39m[0m
[  60% ] [90m[1mreimport[22m | UnderwaterSP.png[39m[0m
[  60% ] [90m[1mreimport[22m | Volcano.png[39m[0m
[  60% ] [90m[1mreimport[22m | VolcanoLL.png[39m[0m
[  60% ] [90m[1mreimport[22m | VolcanoSP.png[39m[0m
[  61% ] [90m[1mreimport[22m | CastleFlag.png[39m[0m
[  61% ] [90m[1mreimport[22m | ChallengeCastleEnd.png[39m[0m
[  61% ] [90m[1mreimport[22m | ChallengeResults.png[39m[0m
[  61% ] [90m[1mreimport[22m | CloudPlatform.png[39m[0m
[  61% ] [90m[1mreimport[22m | Doors.png[39m[0m
[  61% ] [90m[1mreimport[22m | DottedLine.png[39m[0m
[  61% ] [90m[1mreimport[22m | EdgeConnectionTile.png[39m[0m
[  61% ] [90m[1mreimport[22m | EndingCastleSprite.png[39m[0m
[  62% ] [90m[1mreimport[22m | EndingFinalCastleSprite.png[39m[0m
[  62% ] [90m[1mreimport[22m | Flag.png[39m[0m
[  62% ] [90m[1mreimport[22m | FlagPole.png[39m[0m
[  62% ] [90m[1mreimport[22m | Liquids.png[39m[0m
[  62% ] [90m[1mreimport[22m | LLEnding.png[39m[0m
[  62% ] [90m[1mreimport[22m | LLPlatform.png[39m[0m
[  62% ] [90m[1mreimport[22m | LockedDoors.png[39m[0m
[  62% ] [90m[1mreimport[22m | NightLiquids.png[39m[0m
[  63% ] [90m[1mreimport[22m | JungleANN.png[39m[0m
[  63% ] [90m[1mreimport[22m | JungleLL.png[39m[0m
[  63% ] [90m[1mreimport[22m | Mountain.png[39m[0m
[  63% ] [90m[1mreimport[22m | MountainLL.png[39m[0m
[  63% ] [90m[1mreimport[22m | Overworld.png[39m[0m
[  63% ] [90m[1mreimport[22m | OverworldANN.png[39m[0m
[  63% ] [90m[1mreimport[22m | OverworldLL.png[39m[0m
[  63% ] [90m[1mreimport[22m | PipeLand.png[39m[0m
[  64% ] [90m[1mreimport[22m | PipeLandLL.png[39m[0m
[  64% ] [90m[1mreimport[22m | Sky.png[39m[0m
[  64% ] [90m[1mreimport[22m | SkyLL.png[39m[0m
[  64% ] [90m[1mreimport[22m | Snow.png[39m[0m
[  64% ] [90m[1mreimport[22m | SnowANN.png[39m[0m
[  64% ] [90m[1mreimport[22m | SnowLL.png[39m[0m
[  64% ] [90m[1mreimport[22m | Space.png[39m[0m
[  64% ] [90m[1mreimport[22m | SpaceANN.png[39m[0m
[  65% ] [90m[1mreimport[22m | SpaceLL.png[39m[0m
[  65% ] [90m[1mreimport[22m | SpaceSP.png[39m[0m
[  65% ] [90m[1mreimport[22m | TerrainTemplate.png[39m[0m
[  65% ] [90m[1mreimport[22m | Underground.png[39m[0m
[  65% ] [90m[1mreimport[22m | UndergroundANN.png[39m[0m
[  65% ] [90m[1mreimport[22m | UndergroundLL.png[39m[0m
[  65% ] [90m[1mreimport[22m | Underwater.png[39m[0m
[  65% ] [90m[1mreimport[22m | Default.png[39m[0m
[  66% ] [90m[1mreimport[22m | Autumn.png[39m[0m
[  66% ] [90m[1mreimport[22m | AutumnLL.png[39m[0m
[  66% ] [90m[1mreimport[22m | AutumnNight.png[39m[0m
[  66% ] [90m[1mreimport[22m | AutumnNightLL.png[39m[0m
[  66% ] [90m[1mreimport[22m | BeachHills.png[39m[0m
[  66% ] [90m[1mreimport[22m | BeachHillsNight.png[39m[0m
[  66% ] [90m[1mreimport[22m | BeachLL.png[39m[0m
[  66% ] [90m[1mreimport[22m | BeachNightLL.png[39m[0m
[  67% ] [90m[1mreimport[22m | Bonus.png[39m[0m
[  67% ] [90m[1mreimport[22m | BonusLL.png[39m[0m
[  67% ] [90m[1mreimport[22m | Castle.png[39m[0m
[  67% ] [90m[1mreimport[22m | CastleLL.png[39m[0m
[  67% ] [90m[1mreimport[22m | CastleWater.png[39m[0m
[  67% ] [90m[1mreimport[22m | CastleWaterLL.png[39m[0m
[  67% ] [90m[1mreimport[22m | CastleWaterNight.png[39m[0m
[  67% ] [90m[1mreimport[22m | CastleWaterNightLL.png[39m[0m
[  68% ] [90m[1mreimport[22m | UndergroundBush.png[39m[0m
[  68% ] [90m[1mreimport[22m | UndergroundBushLL.png[39m[0m
[  68% ] [90m[1mreimport[22m | UnderwaterBush.png[39m[0m
[  68% ] [90m[1mreimport[22m | UnderwaterBushLL.png[39m[0m
[  68% ] [90m[1mreimport[22m | UnderwaterBushNight.png[39m[0m
[  68% ] [90m[1mreimport[22m | UnderwaterBushNightLL.png[39m[0m
[  68% ] [90m[1mreimport[22m | VolcanoBush.png[39m[0m
[  68% ] [90m[1mreimport[22m | VolcanoBushLL.png[39m[0m
[  69% ] [90m[1mreimport[22m | Castle1.png[39m[0m
[  69% ] [90m[1mreimport[22m | Castle2.png[39m[0m
[  69% ] [90m[1mreimport[22m | Castle3.png[39m[0m
[  69% ] [90m[1mreimport[22m | Castle.png[39m[0m
[  69% ] [90m[1mreimport[22m | Results1.png[39m[0m
[  69% ] [90m[1mreimport[22m | Results2.png[39m[0m
[  69% ] [90m[1mreimport[22m | Results3.png[39m[0m
[  69% ] [90m[1mreimport[22m | CloudOverlay.png[39m[0m
[  70% ] [90m[1mreimport[22m | CloudOverlayLL.png[39m[0m
[  70% ] [90m[1mreimport[22m | OverworldAlt.png[39m[0m
[  70% ] [90m[1mreimport[22m | OverworldANN.png[39m[0m
[  70% ] [90m[1mreimport[22m | OverworldLL.png[39m[0m
[  70% ] [90m[1mreimport[22m | OverworldNight.png[39m[0m
[  70% ] [90m[1mreimport[22m | OverworldNightANN.png[39m[0m
[  70% ] [90m[1mreimport[22m | OverworldNightLL.png[39m[0m
[  70% ] [90m[1mreimport[22m | Pipeland.png[39m[0m
[  71% ] [90m[1mreimport[22m | PipelandLL.png[39m[0m
[  71% ] [90m[1mreimport[22m | PipelandLLNight.png[39m[0m
[  71% ] [90m[1mreimport[22m | PipelandNight.png[39m[0m
[  71% ] [90m[1mreimport[22m | Sky.png[39m[0m
[  71% ] [90m[1mreimport[22m | SkyLL.png[39m[0m
[  71% ] [90m[1mreimport[22m | SkyNight.png[39m[0m
[  71% ] [90m[1mreimport[22m | SkyNightLL.png[39m[0m
[  71% ] [90m[1mreimport[22m | Snow.png[39m[0m
[  71% ] [90m[1mreimport[22m | SnowANN.png[39m[0m
[  72% ] [90m[1mreimport[22m | SnowLL.png[39m[0m
[  72% ] [90m[1mreimport[22m | Desert.png[39m[0m
[  72% ] [90m[1mreimport[22m | DesertLL.png[39m[0m
[  72% ] [90m[1mreimport[22m | DesertLLNight.png[39m[0m
[  72% ] [90m[1mreimport[22m | DesertNight.png[39m[0m
[  72% ] [90m[1mreimport[22m | GardenHill.png[39m[0m
[  72% ] [90m[1mreimport[22m | GardenHillLL.png[39m[0m
[  72% ] [90m[1mreimport[22m | GardenHillNightLL.png[39m[0m
[  73% ] [90m[1mreimport[22m | GardenNight.png[39m[0m
[  73% ] [90m[1mreimport[22m | GhostHouse.png[39m[0m
[  73% ] [90m[1mreimport[22m | GhostHouseLL.png[39m[0m
[  73% ] [90m[1mreimport[22m | Jungle.png[39m[0m
[  73% ] [90m[1mreimport[22m | JungleLL.png[39m[0m
[  73% ] [90m[1mreimport[22m | Mountain.png[39m[0m
[  73% ] [90m[1mreimport[22m | MountainLL.png[39m[0m
[  73% ] [90m[1mreimport[22m | MountainNight.png[39m[0m
[  74% ] [90m[1mreimport[22m | MountainNightLL.png[39m[0m
[  74% ] [90m[1mreimport[22m | Overworld.png[39m[0m
[  74% ] [90m[1mreimport[22m | SymmetryAll.svg[39m[0m
[  74% ] [90m[1mreimport[22m | SymmetryFlip.svg[39m[0m
[  74% ] [90m[1mreimport[22m | SymmetryMirror.svg[39m[0m
[  74% ] [90m[1mreimport[22m | SymmetryReflect.svg[39m[0m
[  74% ] [90m[1mreimport[22m | SymmetryRotate180.svg[39m[0m
[  74% ] [90m[1mreimport[22m | SymmetryRotateAll.svg[39m[0m
[  75% ] [90m[1mreimport[22m | SymmetryRotateClockwise.svg[39m[0m
[  75% ] [90m[1mreimport[22m | SymmetryRotateCounterClockwise.svg[39m[0m
[  75% ] [90m[1mreimport[22m | Warning.svg[39m[0m
[  75% ] [90m[1mreimport[22m | icon.svg[39m[0m
[  75% ] [90m[1mreimport[22m | AirshipBush.png[39m[0m
[  75% ] [90m[1mreimport[22m | AirshipBushLL.png[39m[0m
[  75% ] [90m[1mreimport[22m | AirshipBushNight.png[39m[0m
[  75% ] [90m[1mreimport[22m | AirshipBushNightLL.png[39m[0m
[  76% ] [90m[1mreimport[22m | AutumnBush.png[39m[0m
[  76% ] [90m[1mreimport[22m | AutumnBushLL.png[39m[0m
[  76% ] [90m[1mreimport[22m | AutumnBushNight.png[39m[0m
[  76% ] [90m[1mreimport[22m | SymmetryAll.svg[39m[0m
[  76% ] [90m[1mreimport[22m | SymmetryFlip.svg[39m[0m
[  76% ] [90m[1mreimport[22m | SymmetryMirror.svg[39m[0m
[  76% ] [90m[1mreimport[22m | SymmetryReflect.svg[39m[0m
[  76% ] [90m[1mreimport[22m | SymmetryRotate180.svg[39m[0m
[  77% ] [90m[1mreimport[22m | SymmetryRotateAll.svg[39m[0m
[  77% ] [90m[1mreimport[22m | SymmetryRotateClockwise.svg[39m[0m
[  77% ] [90m[1mreimport[22m | SymmetryRotateCounterClockwise.svg[39m[0m
[  77% ] [90m[1mreimport[22m | Decoration.svg[39m[0m
[  77% ] [90m[1mreimport[22m | EditSymmetry.svg[39m[0m
[  77% ] [90m[1mreimport[22m | EditTerrain.svg[39m[0m
[  77% ] [90m[1mreimport[22m | EditType.svg[39m[0m
[  77% ] [90m[1mreimport[22m | MatchTiles.svg[39m[0m
[  78% ] [90m[1mreimport[22m | MatchVertices.svg[39m[0m
[  78% ] [90m[1mreimport[22m | NonModifying.svg[39m[0m
[  78% ] [90m[1mreimport[22m | Replace.svg[39m[0m
[  78% ] [90m[1mreimport[22m | ShuffleRandom.svg[39m[0m
[  78% ] [90m[1mreimport[22m | DesertBushLL.png[39m[0m
[  78% ] [90m[1mreimport[22m | DesertBushNight.png[39m[0m
[  78% ] [90m[1mreimport[22m | DesertBushNightLL.png[39m[0m
[  78% ] [90m[1mreimport[22m | GardenBush.png[39m[0m
[  79% ] [90m[1mreimport[22m | GardenBushLL.png[39m[0m
[  79% ] [90m[1mreimport[22m | GardenBushNight.png[39m[0m
[  79% ] [90m[1mreimport[22m | GardenBushNightLL.png[39m[0m
[  79% ] [90m[1mreimport[22m | GhostHouseBush.png[39m[0m
[  79% ] [90m[1mreimport[22m | GhostHouseBushLL.png[39m[0m
[  79% ] [90m[1mreimport[22m | JungleBush.png[39m[0m
[  79% ] [90m[1mreimport[22m | JungleBushLL.png[39m[0m
[  79% ] [90m[1mreimport[22m | SnowBush.png[39m[0m
[  80% ] [90m[1mreimport[22m | SnowBushLL.png[39m[0m
[  80% ] [90m[1mreimport[22m | SnowBushNight.png[39m[0m
[  80% ] [90m[1mreimport[22m | SnowBushNightLL.png[39m[0m
[  80% ] [90m[1mreimport[22m | SpaceBush.png[39m[0m
[  80% ] [90m[1mreimport[22m | SpaceBushLL.png[39m[0m
[  80% ] [90m[1mreimport[22m | AutumnBushNightLL.png[39m[0m
[  80% ] [90m[1mreimport[22m | BonusBush.png[39m[0m
[  80% ] [90m[1mreimport[22m | BonusBushLL.png[39m[0m
[  81% ] [90m[1mreimport[22m | BonusBushNight.png[39m[0m
[  81% ] [90m[1mreimport[22m | BonusBushNightLL.png[39m[0m
[  81% ] [90m[1mreimport[22m | Bush.png[39m[0m
[  81% ] [90m[1mreimport[22m | BushLL.png[39m[0m
[  81% ] [90m[1mreimport[22m | BushNight.png[39m[0m
[  81% ] [90m[1mreimport[22m | BushNightLL.png[39m[0m
[  81% ] [90m[1mreimport[22m | CastleBush.png[39m[0m
[  81% ] [90m[1mreimport[22m | CastleBushLL.png[39m[0m
[  82% ] [90m[1mreimport[22m | CastleBushNight.png[39m[0m
[  82% ] [90m[1mreimport[22m | CastleBushNightLL.png[39m[0m
[  82% ] [90m[1mreimport[22m | CastleWaterBush.png[39m[0m
[  82% ] [90m[1mreimport[22m | CastleWaterBushLL.png[39m[0m
[  82% ] [90m[1mreimport[22m | CastleWaterBushNight.png[39m[0m
[  82% ] [90m[1mreimport[22m | CastleWaterBushNightLL.png[39m[0m
[  82% ] [90m[1mreimport[22m | DesertBush.png[39m[0m
[  82% ] [90m[1mreimport[22m | VolcanoSky.png[39m[0m
[  83% ] [90m[1mreimport[22m | VolcanoSkyLL.png[39m[0m
[  83% ] [90m[1mreimport[22m | BeachWater.png[39m[0m
[  83% ] [90m[1mreimport[22m | BooMenuBG.png[39m[0m
[  83% ] [90m[1mreimport[22m | ChallengeCastleResults.png[39m[0m
[  83% ] [90m[1mreimport[22m | ChallengeResults.png[39m[0m
[  83% ] [90m[1mreimport[22m | DiscoToadOverlay.png[39m[0m
[  83% ] [90m[1mreimport[22m | Lighting.png[39m[0m
[  83% ] [90m[1mreimport[22m | RaceGrid.png[39m[0m
[  84% ] [90m[1mreimport[22m | SpotLight.png[39m[0m
[  84% ] [90m[1mreimport[22m | BooOnOffBlock.png[39m[0m
[  84% ] [90m[1mreimport[22m | BooOnOffSwitch.png[39m[0m
[  84% ] [90m[1mreimport[22m | Bumper.png[39m[0m
[  84% ] [90m[1mreimport[22m | Burner.png[39m[0m
[  84% ] [90m[1mreimport[22m | BurnerFlame.png[39m[0m
[  84% ] [90m[1mreimport[22m | Cannon.png[39m[0m
[  84% ] [90m[1mreimport[22m | ConveyorBelt.png[39m[0m
[  85% ] [90m[1mreimport[22m | UnderwaterTreesLL.png[39m[0m
[  85% ] [90m[1mreimport[22m | UnderwaterTreesLLNight.png[39m[0m
[  85% ] [90m[1mreimport[22m | UnderwaterTreesNight.png[39m[0m
[  85% ] [90m[1mreimport[22m | VolcanoTrees.png[39m[0m
[  85% ] [90m[1mreimport[22m | VolcanoTreesLL.png[39m[0m
[  85% ] [90m[1mreimport[22m | AutumnSky.png[39m[0m
[  85% ] [90m[1mreimport[22m | AutumnSkyLL.png[39m[0m
[  85% ] [90m[1mreimport[22m | BeachSky.png[39m[0m
[  85% ] [90m[1mreimport[22m | BeachSkyLL.png[39m[0m
[  86% ] [90m[1mreimport[22m | DaySky.png[39m[0m
[  86% ] [90m[1mreimport[22m | DaySkyLL.png[39m[0m
[  86% ] [90m[1mreimport[22m | NightStars.png[39m[0m
[  86% ] [90m[1mreimport[22m | SnowNightStars.png[39m[0m
[  86% ] [90m[1mreimport[22m | SnowSkyLL.png[39m[0m
[  86% ] [90m[1mreimport[22m | SpaceStars.png[39m[0m
[  86% ] [90m[1mreimport[22m | TheVoid.png[39m[0m
[  86% ] [90m[1mreimport[22m | TheVoidLL.png[39m[0m
[  87% ] [90m[1mreimport[22m | SuperTrampoline.png[39m[0m
[  87% ] [90m[1mreimport[22m | SwitchSpike.png[39m[0m
[  87% ] [90m[1mreimport[22m | TimedBooBlock.png[39m[0m
[  87% ] [90m[1mreimport[22m | Trampoline.png[39m[0m
[  87% ] [90m[1mreimport[22m | TrickBlock.png[39m[0m
[  87% ] [90m[1mreimport[22m | TurnBlock.png[39m[0m
[  87% ] [90m[1mreimport[22m | Falling.png[39m[0m
[  87% ] [90m[1mreimport[22m | SideToSideHori.png[39m[0m
[  88% ] [90m[1mreimport[22m | SideToSideVerrt.png[39m[0m
[  88% ] [90m[1mreimport[22m | BillCannon.png[39m[0m
[  88% ] [90m[1mreimport[22m | Block.svg[39m[0m
[  88% ] [90m[1mreimport[22m | BooBuddiesIcon.png[39m[0m
[  88% ] [90m[1mreimport[22m | BowserFlameGenerator.png[39m[0m
[  88% ] [90m[1mreimport[22m | BulletBillGenerator.png[39m[0m
[  88% ] [90m[1mreimport[22m | CameraLock.png[39m[0m
[  88% ] [90m[1mreimport[22m | CheepCheepGenerator.png[39m[0m
[  89% ] [90m[1mreimport[22m | locale.csv[39m[0m
[  89% ] [90m[1mreimport[22m | FontLL.fnt[39m[0m
[  89% ] [90m[1mreimport[22m | SMB-Remastered-ArabicPixel16-Regular.ttf[39m[0m
[  89% ] [90m[1mreimport[22m | PerfectCoinHeaven.mp3[39m[0m
[  89% ] [90m[1mreimport[22m | MountainPipeCutscene.mp3[39m[0m
[  89% ] [90m[1mreimport[22m | MountainHurry.mp3[39m[0m
[  89% ] [90m[1mreimport[22m | Mountain.mp3[39m[0m
[  89% ] [90m[1mreimport[22m | LoseRace.mp3[39m[0m
[  90% ] [90m[1mreimport[22m | LevelComplete.mp3[39m[0m
[  90% ] [90m[1mreimport[22m | JunglePipeCutscene.mp3[39m[0m
[  90% ] [90m[1mreimport[22m | JungleHurry.mp3[39m[0m
[  90% ] [90m[1mreimport[22m | Jungle.mp3[39m[0m
[  90% ] [90m[1mreimport[22m | HammerHurry.mp3[39m[0m
[  90% ] [90m[1mreimport[22m | Hammer.mp3[39m[0m
[  90% ] [90m[1mreimport[22m | GhostHouseHurry.mp3[39m[0m
[  90% ] [90m[1mreimport[22m | GhostHouse.mp3[39m[0m
[  91% ] [90m[1mreimport[22m | GardenPipeCutscene.mp3[39m[0m
[  91% ] [90m[1mreimport[22m | GardenHurry.mp3[39m[0m
[  91% ] [90m[1mreimport[22m | Garden.mp3[39m[0m
[  91% ] [90m[1mreimport[22m | GameOver.mp3[39m[0m
[  91% ] [90m[1mreimport[22m | FinalBowserHurry.mp3[39m[0m
[  91% ] [90m[1mreimport[22m | FinalBowser.mp3[39m[0m
[  91% ] [90m[1mreimport[22m | Ending.mp3[39m[0m
[  91% ] [90m[1mreimport[22m | DesertPipeCutscene.mp3[39m[0m
[  92% ] [90m[1mreimport[22m | DesertHurry.mp3[39m[0m
[  92% ] [90m[1mreimport[22m | Desert.mp3[39m[0m
[  92% ] [90m[1mreimport[22m | CustomLevel.mp3[39m[0m
[  92% ] [90m[1mreimport[22m | Credits.mp3[39m[0m
[  92% ] [90m[1mreimport[22m | Volcano.mp3[39m[0m
[  92% ] [90m[1mreimport[22m | UnderwaterHurry.mp3[39m[0m
[  92% ] [90m[1mreimport[22m | Underwater.mp3[39m[0m
[  92% ] [90m[1mreimport[22m | UndergroundHurry.mp3[39m[0m
[  93% ] [90m[1mreimport[22m | Underground.mp3[39m[0m
[  93% ] [90m[1mreimport[22m | TitleSMBS.mp3[39m[0m
[  93% ] [90m[1mreimport[22m | TitleSMBLL.mp3[39m[0m
[  93% ] [90m[1mreimport[22m | TitleSMB.mp3[39m[0m
[  93% ] [90m[1mreimport[22m | TitleANN.mp3[39m[0m
[  93% ] [90m[1mreimport[22m | StarManHurry.mp3[39m[0m
[  93% ] [90m[1mreimport[22m | StarMan.mp3[39m[0m
[  93% ] [90m[1mreimport[22m | SpaceHurry.mp3[39m[0m
[  94% ] [90m[1mreimport[22m | Space.mp3[39m[0m
[  94% ] [90m[1mreimport[22m | SnowPipeCutscene.mp3[39m[0m
[  94% ] [90m[1mreimport[22m | SnowHurry.mp3[39m[0m
[  94% ] [90m[1mreimport[22m | Snow.mp3[39m[0m
[  94% ] [90m[1mreimport[22m | SMBLLEnding.mp3[39m[0m
[  94% ] [90m[1mreimport[22m | Silence.mp3[39m[0m
[  94% ] [90m[1mreimport[22m | Setup.mp3[39m[0m
[  94% ] [90m[1mreimport[22m | PSwitchHurry.mp3[39m[0m
[  95% ] [90m[1mreimport[22m | PSwitch.mp3[39m[0m
[  95% ] [90m[1mreimport[22m | PlayerDie.mp3[39m[0m
[  95% ] [90m[1mreimport[22m | PipeLandPipeCutscene.mp3[39m[0m
[  95% ] [90m[1mreimport[22m | PipeLandHurry.mp3[39m[0m
[  95% ] [90m[1mreimport[22m | PipeLand.mp3[39m[0m
[  95% ] [90m[1mreimport[22m | PipeCutscene.mp3[39m[0m
[  95% ] [90m[1mreimport[22m | ChallengeModeGive.mp3[39m[0m
[  95% ] [90m[1mreimport[22m | WinRace.mp3[39m[0m
[  96% ] [90m[1mreimport[22m | WingHurry.mp3[39m[0m
[  96% ] [90m[1mreimport[22m | Wing.mp3[39m[0m
[  96% ] [90m[1mreimport[22m | VolcanoHurry.mp3[39m[0m
[  96% ] [90m[1mreimport[22m | Achievements.mp3[39m[0m
[  96% ] [90m[1mreimport[22m | Airship.mp3[39m[0m
[  96% ] [90m[1mreimport[22m | AirshipHurry.mp3[39m[0m
[  96% ] [90m[1mreimport[22m | Athletic.mp3[39m[0m
[  96% ] [90m[1mreimport[22m | AthleticHurry.mp3[39m[0m
[  97% ] [90m[1mreimport[22m | Autumn.mp3[39m[0m
[  97% ] [90m[1mreimport[22m | AutumnHurry.mp3[39m[0m
[  97% ] [90m[1mreimport[22m | AutumnPipeCutscene.mp3[39m[0m
[  97% ] [90m[1mreimport[22m | Beach.mp3[39m[0m
[  97% ] [90m[1mreimport[22m | BeachHurry.mp3[39m[0m
[  97% ] [90m[1mreimport[22m | BeachPipeCutscene.mp3[39m[0m
[  97% ] [90m[1mreimport[22m | CoinHeavenHurry.mp3[39m[0m
[  97% ] [90m[1mreimport[22m | CoinHeaven.mp3[39m[0m
[  98% ] [90m[1mreimport[22m | ChallengeResults.mp3[39m[0m
[  98% ] [90m[1mreimport[22m | ChallengeFail.mp3[39m[0m
[  98% ] [90m[1mreimport[22m | ChallengeEnd.mp3[39m[0m
[  98% ] [90m[1mreimport[22m | CastleWaterHurry.mp3[39m[0m
[  98% ] [90m[1mreimport[22m | CastleWater.mp3[39m[0m
[  98% ] [90m[1mreimport[22m | CastleHurry.mp3[39m[0m
[  98% ] [90m[1mreimport[22m | CastleComplete.mp3[39m[0m
[  98% ] [90m[1mreimport[22m | Castle.mp3[39m[0m
[  99% ] [90m[1mreimport[22m | BowserHurry.mp3[39m[0m
[  99% ] [90m[1mreimport[22m | Bowser.mp3[39m[0m
[  99% ] [90m[1mreimport[22m | BooRaceHurry.mp3[39m[0m
[  99% ] [90m[1mreimport[22m | BooRace.mp3[39m[0m
[  99% ] [90m[1mreimport[22m | BooMenu.mp3[39m[0m
[  99% ] [90m[1mreimport[22m | BonusHurry.mp3[39m[0m
[  99% ] [90m[1mreimport[22m | Bonus.mp3[39m[0m
[  99% ] [90m[1mreimport[22m | Finalizing Asset Import...[39m[0m
[92m[ DONE ][39m [1mreimport[22m
[0m
[   0% ] [90m[1mreimport[22m | Started (Re)Importing Assets (806 steps)[39m[0m
[   0% ] [90m[1mreimport[22m | Executing post-reimport operations...[39m[0m
[92m[ DONE ][39m [1mreimport[22m
[0m
[   0% ] [90m[1mloading_editor_layout[22m | Started Loading editor (5 steps)[39m[0m
[   0% ] [90m[1mloading_editor_layout[22m | Loading editor layout...[39m[0m
[92m[ DONE ][39m [1mloading_editor_layout[22m
[0m
SCRIPT ERROR: Invalid assignment of property or key 'visible' with value of type 'bool' on a base object of type 'Nil'.
          at: _make_visible (res://addons/better-terrain/TerrainPlugin.gd:45)
          GDScript backtrace (most recent call first):
              [0] _make_visible (res://addons/better-terrain/TerrainPlugin.gd:45)
ERROR: Parameter "p_control" is null.
   at: remove_control_from_bottom_panel (editor/plugins/editor_plugin.cpp:98)
   GDScript backtrace (most recent call first):
       [0] _exit_tree (res://addons/better-terrain/TerrainPlugin.gd:36)
SCRIPT ERROR: Cannot call method 'queue_free' on a null value.
          at: _exit_tree (res://addons/better-terrain/TerrainPlugin.gd:37)
          GDScript backtrace (most recent call first):
              [0] _exit_tree (res://addons/better-terrain/TerrainPlugin.gd:37)
cannot connect to daemon at tcp:5037: Connection refused
ERROR: Editor plugin is not registered: GifToSpriteFramesPlugin
   at: remove_plugin_class (godot-cpp/src/classes/editor_plugin_registration.cpp:47)
ERROR: Editor plugin is not registered: GifToAnimatedTexturePlugin
   at: remove_plugin_class (godot-cpp/src/classes/editor_plugin_registration.cpp:47)
WARNING: 1 RID of type "CanvasItem" was leaked.
     at: _free_rids (servers/rendering/renderer_canvas_cull.cpp:2676)
WARNING: ObjectDB instances leaked at exit (run with --verbose for details).
     at: cleanup (core/object/object.cpp:2514)
ERROR: 1 resources still in use at exit (run with --verbose for details).
   at: clear (core/io/resource.cpp:795)
